Date,Adj Close,Open,High,Low,Change %
11-Feb-10,89.71,89.92,90.14,89.57,-0.23%
12-Feb-10,89.94,90.2,90.41,89.62,0.26%
15-Feb-10,90.06,90.07,90.24,89.91,0.13%
16-Feb-10,90.25,90.06,90.51,89.71,0.22%
17-Feb-10,91.08,90.25,91.39,90.15,0.91%
18-Feb-10,91.98,91.09,92.1,90.57,0.99%
19-Feb-10,91.54,91.97,92.14,91.5,-0.48%
22-Feb-10,91.27,91.63,91.9,91.02,-0.29%
23-Feb-10,90.17,91.26,91.29,89.92,-1.21%
24-Feb-10,90.29,90.17,90.36,89.77,0.13%
25-Feb-10,89.3,90.29,90.29,88.8,-1.10%
26-Feb-10,88.94,89.29,89.5,88.75,-0.40%
1-Mar-10,89.18,88.86,89.48,88.81,0.27%
2-Mar-10,88.77,89.18,89.38,88.55,-0.47%
3-Mar-10,88.61,88.78,88.99,88.32,-0.17%
4-Mar-10,89.19,88.6,89.26,88.14,0.65%
5-Mar-10,90.31,89.17,90.59,89.16,1.25%
8-Mar-10,90.31,90.61,90.66,90.15,0.00%
9-Mar-10,90,90.31,90.31,89.64,-0.34%
10-Mar-10,90.5,90.01,90.82,89.94,0.55%
11-Mar-10,90.68,90.5,90.75,90.21,0.20%
12-Mar-10,90.57,90.67,91.08,90.17,-0.12%
15-Mar-10,90.33,90.7,90.8,90.28,-0.25%
16-Mar-10,90.32,90.33,90.73,89.99,-0.02%
17-Mar-10,90.42,90.32,90.71,90.04,0.11%
18-Mar-10,90.49,90.42,90.8,89.76,0.08%
19-Mar-10,90.54,90.49,90.71,90.34,0.07%
22-Mar-10,90.32,90.44,90.77,89.83,-0.24%
23-Mar-10,90.42,90.32,90.47,90.13,0.10%
24-Mar-10,92.01,90.42,92.4,90.39,1.77%
25-Mar-10,92.54,92.01,92.96,91.76,0.57%
26-Mar-10,92.53,92.54,92.9,92.31,-0.01%
29-Mar-10,92.43,92.4,92.79,92.35,-0.11%
30-Mar-10,92.93,92.43,93.02,92.13,0.54%
31-Mar-10,93.47,92.84,93.63,92.73,0.59%
1-Apr-10,93.74,93.53,94.04,93.29,0.29%
2-Apr-10,94.61,93.74,94.69,93.61,0.93%
5-Apr-10,94.28,94.53,94.6,94.09,-0.35%
6-Apr-10,93.64,94.28,94.29,93.57,-0.68%
7-Apr-10,93.21,93.64,94.26,93.15,-0.45%
8-Apr-10,93.42,93.21,93.53,92.83,0.23%
9-Apr-10,93.18,93.42,93.78,93.11,-0.26%
12-Apr-10,93.21,93.09,93.61,93.05,0.03%
13-Apr-10,93.24,93.21,93.41,92.57,0.04%
14-Apr-10,93.31,93.24,93.71,92.83,0.07%
15-Apr-10,93.01,93.22,93.55,92.85,-0.32%
16-Apr-10,92.18,93.13,93.13,91.9,-0.90%
19-Apr-10,92.47,91.96,92.54,91.6,0.32%
20-Apr-10,93.12,92.47,93.39,92.47,0.70%
21-Apr-10,93,93.12,93.44,92.94,-0.12%
22-Apr-10,93.54,93,93.63,92.75,0.58%
23-Apr-10,93.96,93.54,94.32,93.32,0.45%
26-Apr-10,93.89,94.18,94.36,93.81,-0.09%
27-Apr-10,93.19,93.89,94.03,92.82,-0.74%
28-Apr-10,94.01,93.19,94.32,93,0.88%
29-Apr-10,93.96,94.01,94.26,93.86,-0.05%
30-Apr-10,93.86,93.96,94.59,93.83,-0.12%
3-May-10,94.66,94.12,94.78,93.85,0.86%
4-May-10,94.9,94.66,94.97,94.33,0.25%
5-May-10,93.88,94.9,94.99,93.54,-1.07%
6-May-10,91.36,93.88,93.97,87.98,-2.68%
7-May-10,91.6,91.36,93.24,90.84,0.26%
10-May-10,93.02,92.17,93.54,91.85,1.56%
11-May-10,92.81,93.01,93.26,92.22,-0.23%
12-May-10,93.19,92.81,93.29,92.46,0.41%
13-May-10,92.6,93.19,93.64,92.59,-0.64%
14-May-10,92.51,92.6,93.08,91.81,-0.09%
17-May-10,92.54,92.25,92.69,91.77,0.03%
18-May-10,91.86,92.54,92.97,91.86,-0.73%
19-May-10,91.78,91.86,92.14,90.94,-0.10%
20-May-10,89.87,91.78,91.88,88.97,-2.08%
21-May-10,89.99,89.87,90.48,89.23,0.13%
24-May-10,90.11,90.18,90.62,89.75,0.13%
25-May-10,90.33,90.11,90.49,89.26,0.25%
26-May-10,89.98,90.33,90.67,89.82,-0.39%
27-May-10,90.99,89.98,91.08,89.93,1.12%
28-May-10,91.07,90.99,91.41,90.61,0.08%
31-May-10,91.16,91.24,91.62,90.94,0.10%
1-Jun-10,91.17,91.16,91.46,90.54,0.01%
2-Jun-10,92.09,91.17,92.36,91.02,1.01%
3-Jun-10,92.59,92.09,92.8,92.04,0.54%
4-Jun-10,91.89,92.59,92.89,91.43,-0.76%
7-Jun-10,91.56,91.63,92.08,90.98,-0.35%
8-Jun-10,91.35,91.56,91.93,90.84,-0.23%
9-Jun-10,91.35,91.35,91.67,91.06,0.00%
10-Jun-10,91.49,91.35,91.55,90.86,0.15%
11-Jun-10,91.65,91.49,91.78,91.22,0.18%
14-Jun-10,91.63,91.67,92.12,91.42,-0.03%
15-Jun-10,91.53,91.63,91.69,91.08,-0.11%
16-Jun-10,91.32,91.53,91.82,91.1,-0.22%
17-Jun-10,90.89,91.32,91.43,90.52,-0.48%
18-Jun-10,90.69,90.89,90.96,90.46,-0.21%
21-Jun-10,91.03,90.56,91.48,90.34,0.37%
22-Jun-10,90.39,91.03,91.11,90.34,-0.70%
23-Jun-10,89.94,90.39,90.57,89.75,-0.50%
24-Jun-10,89.6,89.94,89.97,89.23,-0.38%
25-Jun-10,89.25,89.6,89.77,89.23,-0.38%
28-Jun-10,89.39,89.3,89.46,89.07,0.15%
29-Jun-10,88.63,89.39,89.42,88.3,-0.85%
30-Jun-10,88.51,88.63,88.76,88.36,-0.14%
1-Jul-10,87.71,88.51,88.53,86.99,-0.90%
2-Jul-10,87.78,87.71,88.21,87.45,0.07%
5-Jul-10,87.53,87.79,88,87.47,-0.28%
6-Jul-10,87.64,87.53,87.97,87.36,0.13%
7-Jul-10,87.82,87.64,87.84,87.03,0.21%
8-Jul-10,88.5,87.82,88.64,87.8,0.77%
9-Jul-10,88.61,88.5,88.7,88.38,0.13%
12-Jul-10,88.76,89.08,89.12,88.39,0.16%
13-Jul-10,88.83,88.76,88.87,88.19,0.08%
14-Jul-10,88.3,88.83,89.11,88.09,-0.60%
15-Jul-10,87.43,88.3,88.41,87.24,-0.99%
16-Jul-10,86.57,87.43,87.5,86.3,-0.98%
19-Jul-10,86.76,86.53,87.22,86.53,0.21%
20-Jul-10,87.41,86.76,87.57,86.74,0.75%
21-Jul-10,86.85,87.41,87.43,86.8,-0.64%
22-Jul-10,87.22,86.85,87.23,86.35,0.43%
23-Jul-10,87.46,87.22,87.5,86.74,0.28%
26-Jul-10,86.91,87.67,87.72,86.83,-0.63%
27-Jul-10,87.82,86.91,87.98,86.84,1.05%
28-Jul-10,87.41,87.88,88.13,87.24,-0.47%
29-Jul-10,86.78,87.34,87.53,86.54,-0.72%
30-Jul-10,86.46,86.76,86.82,86.02,-0.37%
2-Aug-10,86.53,86.52,86.88,86.32,0.09%
3-Aug-10,85.88,86.53,86.6,85.69,-0.75%
4-Aug-10,86.33,85.88,86.4,85.33,0.52%
5-Aug-10,85.81,86.33,86.45,85.71,-0.60%
6-Aug-10,85.51,85.81,86.18,85.03,-0.34%
9-Aug-10,85.93,85.35,85.95,85.34,0.49%
10-Aug-10,85.32,85.93,86.24,85.18,-0.72%
11-Aug-10,85.13,85.32,85.46,84.73,-0.22%
12-Aug-10,86.17,85.13,86.18,84.93,1.22%
13-Aug-10,86.22,86.17,86.38,85.57,0.06%
16-Aug-10,85.18,85.97,85.98,85.12,-1.20%
17-Aug-10,85.62,85.18,85.68,85.18,0.51%
18-Aug-10,85.46,85.62,85.62,85.19,-0.18%
19-Aug-10,85.2,85.46,85.92,84.9,-0.30%
20-Aug-10,85.6,85.2,85.82,85.2,0.46%
23-Aug-10,85.08,85.56,85.64,85.07,-0.60%
24-Aug-10,84.19,85.08,85.16,83.6,-1.06%
25-Aug-10,84.79,84.19,84.83,84.06,0.71%
26-Aug-10,84.31,84.79,84.89,84.28,-0.56%
27-Aug-10,85.26,84.31,85.45,84.28,1.13%
30-Aug-10,84.61,85.6,85.9,84.49,-0.77%
31-Aug-10,84.13,84.61,84.66,83.83,-0.56%
1-Sep-10,84.51,84.13,84.67,83.68,0.46%
2-Sep-10,84.37,84.51,84.56,84,-0.17%
3-Sep-10,84.34,84.37,85.22,84.17,-0.04%
6-Sep-10,84.17,84.46,84.49,84.05,-0.20%
7-Sep-10,83.75,84.17,84.26,83.52,-0.50%
8-Sep-10,84,83.75,84.04,83.35,0.29%
9-Sep-10,83.92,84,84.02,83.5,-0.10%
10-Sep-10,84.18,83.92,84.38,83.75,0.32%
13-Sep-10,83.61,84.25,84.29,83.51,-0.68%
14-Sep-10,83.08,83.61,83.71,82.93,-0.63%
15-Sep-10,85.61,83.08,85.77,82.88,3.04%
16-Sep-10,85.81,85.61,85.93,85.23,0.24%
17-Sep-10,85.86,85.81,85.93,85.6,0.05%
20-Sep-10,85.72,85.75,85.8,85.51,-0.16%
21-Sep-10,84.99,85.72,85.72,84.97,-0.85%
22-Sep-10,84.59,84.99,85,84.28,-0.47%
23-Sep-10,84.57,84.59,84.67,84.27,-0.03%
24-Sep-10,84.21,84.57,85.39,84.12,-0.42%
27-Sep-10,84.27,84.33,84.37,84.12,0.07%
28-Sep-10,83.94,84.27,84.34,83.7,-0.39%
29-Sep-10,83.77,83.94,84.09,83.5,-0.21%
30-Sep-10,83.51,83.77,83.8,83.17,-0.31%
1-Oct-10,83.21,83.51,83.56,83.16,-0.36%
4-Oct-10,83.58,83.35,83.86,83.19,0.45%
5-Oct-10,83.17,83.58,83.99,82.98,-0.50%
6-Oct-10,82.98,83.17,83.24,82.76,-0.23%
7-Oct-10,82.36,82.98,83.03,82.12,-0.74%
8-Oct-10,81.9,82.36,82.56,81.74,-0.56%
11-Oct-10,82.32,81.83,82.34,81.83,0.50%
12-Oct-10,81.8,82.32,82.32,81.67,-0.63%
13-Oct-10,81.72,81.8,82,81.71,-0.10%
14-Oct-10,81.59,81.72,81.73,80.89,-0.16%
15-Oct-10,81.47,81.59,81.62,80.89,-0.14%
18-Oct-10,81.18,81.32,81.41,81.13,-0.35%
19-Oct-10,81.46,81.18,81.92,81.15,0.34%
20-Oct-10,81.11,81.46,81.47,80.85,-0.43%
21-Oct-10,81.27,81.11,81.82,80.92,0.20%
22-Oct-10,81.36,81.27,81.5,80.98,0.11%
25-Oct-10,80.81,81.31,81.33,80.42,-0.67%
26-Oct-10,81.42,80.81,81.65,80.62,0.74%
27-Oct-10,81.58,81.42,81.99,81.38,0.20%
28-Oct-10,80.94,81.58,81.7,80.87,-0.79%
29-Oct-10,80.39,80.94,81.08,80.39,-0.68%
1-Nov-10,80.58,80.36,81.14,80.33,0.25%
2-Nov-10,80.68,80.58,80.96,80.47,0.11%
3-Nov-10,81.07,80.68,81.57,80.61,0.49%
4-Nov-10,80.79,81.07,81.22,80.59,-0.35%
5-Nov-10,81.27,80.79,81.48,80.62,0.59%
8-Nov-10,81.11,81.16,81.43,81.01,-0.20%
9-Nov-10,81.59,81.11,81.97,80.54,0.59%
10-Nov-10,82.23,81.59,82.8,81.56,0.78%
11-Nov-10,82.43,82.23,82.6,82.04,0.25%
12-Nov-10,82.5,82.43,82.65,81.66,0.08%
15-Nov-10,83.17,82.49,83.26,82.4,0.81%
16-Nov-10,83.38,83.17,83.59,82.91,0.25%
17-Nov-10,83.14,83.38,83.55,83.04,-0.29%
18-Nov-10,83.54,83.14,83.78,83.1,0.49%
19-Nov-10,83.53,83.54,83.64,83.14,-0.01%
22-Nov-10,83.31,83.48,83.56,83.23,-0.26%
23-Nov-10,83.27,83.31,83.85,82.79,-0.05%
24-Nov-10,83.53,83.27,83.66,82.95,0.31%
25-Nov-10,83.65,83.53,83.7,83.4,0.15%
26-Nov-10,84.07,83.65,84.18,83.64,0.50%
29-Nov-10,84.28,84.18,84.4,83.84,0.24%
30-Nov-10,83.69,84.28,84.28,83.43,-0.70%
1-Dec-10,84.14,83.69,84.4,83.39,0.54%
2-Dec-10,83.84,84.14,84.37,83.5,-0.36%
3-Dec-10,82.55,83.84,83.85,82.53,-1.54%
6-Dec-10,82.68,82.8,82.99,82.57,0.16%
7-Dec-10,83.49,82.68,83.66,82.34,0.97%
8-Dec-10,84.11,83.49,84.3,83.48,0.75%
9-Dec-10,83.83,84.11,84.11,83.52,-0.33%
10-Dec-10,83.95,83.83,84.01,83.46,0.14%
13-Dec-10,83.45,83.99,84.35,83.11,-0.60%
14-Dec-10,83.81,83.45,83.83,82.84,0.43%
15-Dec-10,84.28,83.81,84.51,83.65,0.56%
16-Dec-10,84.06,84.28,84.44,83.9,-0.26%
17-Dec-10,83.99,84.06,84.2,83.69,-0.08%
20-Dec-10,83.79,84.03,84.12,83.63,-0.23%
21-Dec-10,83.81,83.79,83.91,83.5,0.02%
22-Dec-10,83.57,83.81,83.85,83.42,-0.29%
23-Dec-10,83.03,83.57,83.58,82.86,-0.64%
24-Dec-10,82.88,83.03,83.16,82.87,-0.18%
27-Dec-10,82.76,82.95,82.98,82.65,-0.14%
28-Dec-10,82.37,82.76,82.77,81.82,-0.48%
29-Dec-10,81.63,82.37,82.37,81.61,-0.89%
30-Dec-10,81.5,81.63,81.86,81.29,-0.15%
31-Dec-10,81.16,81.5,81.54,80.95,-0.42%
3-Jan-11,81.67,81.13,81.75,81.13,0.63%
4-Jan-11,82.06,81.67,82.28,81.61,0.47%
5-Jan-11,83.19,82.06,83.38,81.89,1.38%
6-Jan-11,83.31,83.19,83.39,82.88,0.15%
7-Jan-11,83.14,83.31,83.69,82.86,-0.20%
10-Jan-11,82.72,83.06,83.28,82.67,-0.51%
11-Jan-11,83.36,82.72,83.49,82.72,0.78%
12-Jan-11,83.09,83.36,83.46,82.81,-0.33%
13-Jan-11,82.77,83.09,83.15,82.55,-0.38%
14-Jan-11,82.88,82.77,83.06,82.41,0.13%
17-Jan-11,82.68,82.9,83.01,82.36,-0.24%
18-Jan-11,82.62,82.68,82.82,82.33,-0.06%
19-Jan-11,82.16,82.62,82.69,81.85,-0.56%
20-Jan-11,82.95,82.16,83.13,82.06,0.96%
21-Jan-11,82.57,82.95,83.09,82.53,-0.45%
24-Jan-11,82.54,82.6,82.92,82.31,-0.04%
25-Jan-11,82.26,82.54,82.66,81.98,-0.33%
26-Jan-11,82.17,82.26,82.61,81.99,-0.12%
27-Jan-11,82.89,82.17,83.2,82.02,0.88%
28-Jan-11,82.14,82.89,82.91,81.99,-0.92%
31-Jan-11,82.1,82.1,82.26,81.91,-0.04%
1-Feb-11,81.42,82.1,82.15,81.32,-0.83%
2-Feb-11,81.5,81.42,81.86,81.36,0.10%
3-Feb-11,81.67,81.5,82.06,81.41,0.21%
4-Feb-11,82.18,81.67,82.46,81.13,0.62%
7-Feb-11,82.3,82.24,82.47,82.17,0.15%
8-Feb-11,82.3,82.3,82.42,81.78,0.00%
9-Feb-11,82.42,82.3,82.67,82.21,0.14%
10-Feb-11,83.35,82.42,83.39,82.39,1.13%
11-Feb-11,83.43,83.35,83.67,83.24,0.10%
14-Feb-11,83.41,83.44,83.49,83.1,-0.03%
15-Feb-11,83.72,83.41,83.92,83.2,0.37%
16-Feb-11,83.61,83.72,83.97,83.5,-0.13%
17-Feb-11,83.31,83.61,83.75,83.16,-0.36%
18-Feb-11,83.19,83.31,83.52,83.04,-0.15%
21-Feb-11,83.08,83.11,83.53,83.07,-0.13%
22-Feb-11,82.77,83.08,83.42,82.58,-0.38%
23-Feb-11,82.45,82.77,82.89,82.32,-0.39%
24-Feb-11,82.04,82.45,82.46,81.63,-0.49%
25-Feb-11,81.68,82.04,82.07,81.65,-0.44%
28-Feb-11,81.88,81.64,81.98,81.62,0.25%
1-Mar-11,81.92,81.88,82.24,81.79,0.04%
2-Mar-11,81.84,81.92,82.11,81.58,-0.09%
3-Mar-11,82.38,81.84,82.52,81.73,0.65%
4-Mar-11,82.31,82.38,83.05,82.22,-0.08%
7-Mar-11,82.29,82.36,82.39,81.96,-0.02%
8-Mar-11,82.82,82.29,82.85,82.21,0.63%
9-Mar-11,82.84,82.82,82.93,82.58,0.03%
10-Mar-11,82.92,82.84,83.17,82.7,0.10%
11-Mar-11,81.86,82.92,83.3,81.66,-1.28%
14-Mar-11,81.83,81.3,82.46,81.3,-0.03%
15-Mar-11,80.87,81.83,82.03,80.73,-1.17%
16-Mar-11,78.15,80.73,81.19,76.25,-3.37%
17-Mar-11,78.85,77.66,79.76,77.16,0.90%
18-Mar-11,80.61,78.99,82,78.99,2.23%
21-Mar-11,81.23,81.01,81.32,80.82,0.77%
22-Mar-11,81.05,81.23,81.23,80.85,-0.23%
23-Mar-11,80.88,81.05,81.07,80.71,-0.21%
24-Mar-11,81.02,80.88,81.06,80.77,0.18%
25-Mar-11,81.34,81.02,81.49,80.88,0.39%
28-Mar-11,81.72,81.58,81.85,81.53,0.47%
29-Mar-11,82.51,81.72,82.54,81.55,0.96%
30-Mar-11,83.14,82.51,83.21,82.42,0.76%
31-Mar-11,83.43,83.14,83.45,82.57,0.35%
1-Apr-11,84.06,83.43,84.73,83.37,0.76%
4-Apr-11,84.36,84.17,84.48,83.86,0.36%
5-Apr-11,84.98,84.36,85.23,84.16,0.73%
6-Apr-11,85.45,84.98,85.52,84.84,0.55%
7-Apr-11,84.89,85.45,85.48,84.6,-0.65%
8-Apr-11,84.75,84.89,85.39,84.68,-0.17%
11-Apr-11,84.45,85.13,85.14,84.36,-0.35%
12-Apr-11,83.76,84.45,84.57,83.47,-0.82%
13-Apr-11,83.74,83.76,84.26,83.58,-0.02%
14-Apr-11,83.67,83.74,83.83,82.96,-0.09%
15-Apr-11,83.14,83.67,83.76,82.96,-0.63%
18-Apr-11,82.48,83.09,83.2,82.19,-0.80%
19-Apr-11,82.77,82.48,82.88,82.37,0.35%
20-Apr-11,82.5,82.77,83.1,82.27,-0.33%
21-Apr-11,81.87,82.5,82.5,81.62,-0.76%
22-Apr-11,81.88,81.87,82.11,81.67,0.01%
25-Apr-11,81.68,82.03,82.42,81.64,-0.25%
26-Apr-11,81.38,81.68,81.98,81.27,-0.36%
27-Apr-11,82.26,81.38,82.78,81.35,1.07%
28-Apr-11,81.62,82.26,82.26,81.4,-0.78%
29-Apr-11,81.19,81.62,81.63,81.04,-0.52%
2-May-11,81.24,81.22,81.69,81,0.05%
3-May-11,81.04,81.24,81.24,80.7,-0.24%
4-May-11,80.59,81.04,81.19,80.43,-0.55%
5-May-11,80.32,80.59,80.65,79.57,-0.35%
6-May-11,80.63,80.32,80.93,80.21,0.40%
9-May-11,80.17,80.8,80.83,80.16,-0.57%
10-May-11,80.97,80.17,81.09,80.17,0.99%
11-May-11,81.04,80.97,81.32,80.62,0.09%
12-May-11,81.01,81.04,81.32,80.71,-0.03%
13-May-11,80.79,81.01,81.09,80.35,-0.28%
16-May-11,80.86,80.72,81.06,80.68,0.09%
17-May-11,81.5,80.86,81.78,80.84,0.79%
18-May-11,81.73,81.5,81.81,80.94,0.28%
19-May-11,81.73,81.73,82.22,81.47,0.00%
20-May-11,81.71,81.73,81.86,81.48,-0.02%
23-May-11,81.97,81.66,82.08,81.32,0.32%
24-May-11,82.05,81.97,82.21,81.62,0.09%
25-May-11,82.03,82.05,82.17,81.8,-0.02%
26-May-11,81.14,82.03,82.04,81.09,-1.09%
27-May-11,80.8,81.14,81.29,80.71,-0.42%
30-May-11,80.87,80.87,81.02,80.77,0.09%
31-May-11,81.36,80.87,81.77,80.71,0.60%
1-Jun-11,80.94,81.36,81.5,80.68,-0.51%
2-Jun-11,80.89,80.94,81.32,80.57,-0.07%
3-Jun-11,80.27,80.89,80.89,80.06,-0.76%
6-Jun-11,80.12,80.23,80.4,79.98,-0.19%
7-Jun-11,80.19,80.12,80.33,79.99,0.09%
8-Jun-11,79.87,80.19,80.21,79.7,-0.39%
9-Jun-11,80.36,79.87,80.46,79.84,0.60%
10-Jun-11,80.33,80.36,80.4,79.97,-0.03%
13-Jun-11,80.2,80.36,80.69,80.09,-0.16%
14-Jun-11,80.51,80.2,80.65,80.11,0.39%
15-Jun-11,80.85,80.51,81.06,80.39,0.42%
16-Jun-11,80.58,80.85,81.03,80.49,-0.33%
17-Jun-11,80.05,80.58,80.68,80.01,-0.67%
20-Jun-11,80.21,80.17,80.36,80.03,0.20%
21-Jun-11,80.25,80.21,80.33,80.06,0.05%
22-Jun-11,80.37,80.25,80.42,80.02,0.15%
23-Jun-11,80.5,80.37,80.79,80.34,0.15%
24-Jun-11,80.43,80.5,80.61,80.13,-0.08%
27-Jun-11,80.77,80.47,80.98,80.47,0.41%
28-Jun-11,81.05,80.77,81.27,80.66,0.36%
29-Jun-11,80.75,81.05,81.19,80.58,-0.38%
30-Jun-11,80.71,80.75,80.86,80.27,-0.05%
1-Jul-11,80.83,80.71,81.14,80.56,0.16%
4-Jul-11,80.79,80.83,80.87,80.54,-0.06%
5-Jul-11,81.08,80.79,81.19,80.79,0.36%
6-Jul-11,80.88,81.08,81.1,80.77,-0.25%
7-Jul-11,81.27,80.88,81.41,80.8,0.48%
8-Jul-11,80.64,81.27,81.48,80.51,-0.77%
11-Jul-11,80.34,80.68,80.83,80.11,-0.37%
12-Jul-11,79.46,80.34,80.36,78.49,-1.11%
13-Jul-11,78.86,79.46,79.57,78.66,-0.75%
14-Jul-11,79.01,78.86,79.6,78.47,0.18%
15-Jul-11,79.14,79.01,79.28,78.99,0.16%
18-Jul-11,79.04,79.07,79.18,78.95,-0.11%
19-Jul-11,79.18,79.04,79.28,78.82,0.17%
20-Jul-11,78.82,79.18,79.32,78.71,-0.46%
21-Jul-11,78.56,78.82,79.02,78.23,-0.33%
22-Jul-11,78.54,78.56,78.72,78.29,-0.02%
25-Jul-11,78.31,78.39,78.55,78.06,-0.30%
26-Jul-11,77.99,78.31,78.56,77.83,-0.40%
27-Jul-11,77.94,77.99,78.17,77.58,-0.07%
28-Jul-11,77.83,77.94,78.03,77.63,-0.15%
29-Jul-11,76.76,77.83,77.87,76.74,-1.37%
1-Aug-11,77.57,77.35,78.04,76.31,1.05%
2-Aug-11,77.3,77.57,77.78,76.96,-0.35%
3-Aug-11,77.14,77.3,77.38,76.79,-0.21%
4-Aug-11,79.08,77.14,80.24,77.01,2.51%
5-Aug-11,78.47,79.08,79.41,78.33,-0.77%
8-Aug-11,77.68,78.25,78.34,77.5,-1.01%
9-Aug-11,77.14,77.68,77.71,76.71,-0.68%
10-Aug-11,76.82,77.14,77.15,76.36,-0.42%
11-Aug-11,76.94,76.82,77.22,76.31,0.16%
12-Aug-11,76.68,76.94,77.02,76.52,-0.33%
15-Aug-11,76.82,76.87,77.08,76.59,0.17%
16-Aug-11,76.74,76.82,76.93,76.65,-0.10%
17-Aug-11,76.62,76.74,76.8,76.41,-0.16%
18-Aug-11,76.64,76.62,76.71,76.45,0.02%
19-Aug-11,76.55,76.64,76.97,75.97,-0.12%
22-Aug-11,76.93,76.85,77.19,76.56,0.50%
23-Aug-11,76.66,76.93,76.93,76.47,-0.35%
24-Aug-11,77.02,76.66,77.08,76.48,0.48%
25-Aug-11,77.4,77.02,77.7,76.84,0.50%
26-Aug-11,76.67,77.4,77.46,76.5,-0.95%
29-Aug-11,76.95,76.76,77.02,76.58,0.37%
30-Aug-11,76.72,76.95,76.95,76.62,-0.29%
31-Aug-11,76.76,76.72,76.84,76.43,0.05%
1-Sep-11,76.89,76.76,77.24,76.71,0.16%
2-Sep-11,76.81,76.89,76.97,76.55,-0.10%
5-Sep-11,76.93,76.85,76.98,76.69,0.16%
6-Sep-11,77.53,76.93,77.73,76.72,0.78%
7-Sep-11,77.35,77.53,77.55,77.08,-0.23%
8-Sep-11,77.56,77.35,77.6,77.14,0.27%
9-Sep-11,77.59,77.56,77.86,77.1,0.03%
12-Sep-11,77.19,77.47,77.59,76.76,-0.51%
13-Sep-11,76.95,77.19,77.25,76.81,-0.32%
14-Sep-11,76.72,76.95,77.06,76.6,-0.29%
15-Sep-11,76.72,76.72,77.3,76.56,0.00%
16-Sep-11,76.8,76.72,76.97,76.68,0.10%
19-Sep-11,76.68,76.96,76.98,76.33,-0.15%
20-Sep-11,76.4,76.68,76.76,76.36,-0.37%
21-Sep-11,76.63,76.4,76.74,76.12,0.30%
22-Sep-11,76.26,76.63,76.93,76.11,-0.48%
23-Sep-11,76.6,76.26,76.89,76.15,0.44%
26-Sep-11,76.44,76.66,76.76,76.23,-0.20%
27-Sep-11,76.7,76.44,76.93,76.27,0.34%
28-Sep-11,76.54,76.7,76.71,76.34,-0.21%
29-Sep-11,76.73,76.54,77.03,76.42,0.25%
30-Sep-11,77.05,76.73,77.2,76.5,0.42%
3-Oct-11,76.62,77.2,77.21,76.52,-0.56%
4-Oct-11,76.83,76.62,76.98,76.54,0.28%
5-Oct-11,76.79,76.83,77.07,76.62,-0.06%
6-Oct-11,76.69,76.79,76.84,76.57,-0.13%
7-Oct-11,76.73,76.69,76.91,76.59,0.06%
10-Oct-11,76.67,76.8,76.86,76.57,-0.09%
11-Oct-11,76.71,76.67,76.76,76.6,0.05%
12-Oct-11,77.1,76.71,77.49,76.32,0.52%
13-Oct-11,76.9,77.1,77.22,76.68,-0.26%
14-Oct-11,77.21,76.9,77.45,76.86,0.40%
17-Oct-11,76.84,77.22,77.46,76.6,-0.48%
18-Oct-11,76.78,76.84,76.91,76.63,-0.08%
19-Oct-11,76.84,76.78,76.86,76.66,0.08%
20-Oct-11,76.88,76.84,77.09,76.68,0.05%
21-Oct-11,76.29,76.88,76.88,75.82,-0.77%
24-Oct-11,76.2,76.42,76.44,75.99,-0.11%
25-Oct-11,76.12,76.2,76.3,75.75,-0.11%
26-Oct-11,76.18,76.12,76.32,75.72,0.08%
27-Oct-11,75.98,76.18,76.28,75.66,-0.26%
28-Oct-11,75.82,75.98,76,75.68,-0.20%
31-Oct-11,78.32,75.76,79.53,75.58,3.30%
1-Nov-11,78.31,78.32,78.98,78.02,-0.02%
2-Nov-11,78.15,78.31,78.32,77.96,-0.20%
3-Nov-11,78.06,78.15,78.17,77.9,-0.11%
4-Nov-11,78.24,78.06,78.27,77.99,0.22%
7-Nov-11,78.08,78.16,78.18,77.99,-0.19%
8-Nov-11,77.71,78.08,78.09,77.61,-0.48%
9-Nov-11,77.77,77.71,77.89,77.54,0.09%
10-Nov-11,77.66,77.77,77.87,77.51,-0.14%
11-Nov-11,77.14,77.66,77.67,77.05,-0.67%
14-Nov-11,77.1,77.18,77.25,76.82,-0.06%
15-Nov-11,77.09,77.1,77.5,76.91,-0.01%
16-Nov-11,77.07,77.09,77.15,76.86,-0.02%
17-Nov-11,76.97,77.07,77.08,76.92,-0.13%
18-Nov-11,76.9,76.97,77.03,76.58,-0.10%
21-Nov-11,76.94,76.85,76.99,76.76,0.05%
22-Nov-11,76.98,76.94,77.32,76.84,0.05%
23-Nov-11,77.28,76.98,77.58,76.93,0.39%
24-Nov-11,77.18,77.28,77.28,77.02,-0.13%
25-Nov-11,77.73,77.18,77.79,77.18,0.70%
28-Nov-11,78.09,77.68,78.24,77.58,0.47%
29-Nov-11,77.97,78.09,78.29,77.63,-0.15%
30-Nov-11,77.6,77.97,78.16,77.3,-0.48%
1-Dec-11,77.77,77.6,77.81,77.49,0.22%
2-Dec-11,77.99,77.77,78.08,77.73,0.29%
5-Dec-11,77.81,78.1,78.1,77.69,-0.23%
6-Dec-11,77.75,77.81,77.86,77.64,-0.07%
7-Dec-11,77.68,77.75,77.79,77.63,-0.09%
8-Dec-11,77.68,77.68,77.8,77.14,0.00%
9-Dec-11,77.61,77.68,77.78,77.5,-0.09%
12-Dec-11,77.96,77.62,78,77.59,0.44%
13-Dec-11,77.97,77.96,78.02,77.65,0.01%
14-Dec-11,78.12,77.97,78.15,77.93,0.20%
15-Dec-11,77.85,78.12,78.13,77.74,-0.35%
16-Dec-11,77.77,77.85,77.96,77.62,-0.11%
19-Dec-11,78.02,77.82,78.16,77.8,0.32%
20-Dec-11,77.86,78.02,78.06,77.72,-0.20%
21-Dec-11,78.08,77.86,78.11,77.69,0.29%
22-Dec-11,78.17,78.08,78.21,78,0.11%
23-Dec-11,78.08,78.17,78.23,78,-0.11%
26-Dec-11,78.01,78.09,78.09,77.98,-0.10%
27-Dec-11,77.88,78.01,78.03,77.8,-0.16%
28-Dec-11,77.95,77.88,78.04,77.57,0.08%
29-Dec-11,77.67,77.95,77.95,77.59,-0.35%
30-Dec-11,76.89,77.67,77.74,76.88,-1.01%
2-Jan-12,76.95,77.04,77.07,76.86,0.08%
3-Jan-12,76.74,76.95,76.96,76.63,-0.28%
4-Jan-12,76.72,76.74,76.83,76.61,-0.02%
5-Jan-12,77.17,76.72,77.25,76.66,0.58%
6-Jan-12,76.96,77.17,77.34,76.96,-0.27%
9-Jan-12,76.88,76.94,77.01,76.77,-0.12%
10-Jan-12,76.86,76.88,76.91,76.78,-0.02%
11-Jan-12,76.87,76.86,77.04,76.84,0.02%
12-Jan-12,76.79,76.87,76.98,76.67,-0.10%
13-Jan-12,76.96,76.79,77.01,76.67,0.22%
16-Jan-12,76.83,76.93,76.94,76.7,-0.18%
17-Jan-12,76.82,76.83,76.88,76.56,-0.01%
18-Jan-12,76.79,76.82,76.87,76.65,-0.04%
19-Jan-12,77.08,76.79,77.32,76.7,0.37%
20-Jan-12,77.02,77.08,77.3,76.92,-0.07%
23-Jan-12,77,76.97,77.08,76.87,-0.02%
24-Jan-12,77.68,77,77.85,76.96,0.88%
25-Jan-12,77.78,77.69,78.28,77.56,0.13%
26-Jan-12,77.47,77.79,77.81,77.3,-0.39%
27-Jan-12,76.69,77.47,77.47,76.65,-1.00%
30-Jan-12,76.38,76.74,76.78,76.22,-0.42%
31-Jan-12,76.27,76.38,76.42,76.16,-0.13%
1-Feb-12,76.2,76.27,76.35,76.02,-0.10%
2-Feb-12,76.19,76.2,76.24,76.05,-0.01%
3-Feb-12,76.61,76.18,76.74,76.14,0.55%
6-Feb-12,76.57,76.57,76.8,76.5,-0.05%
7-Feb-12,76.77,76.57,76.96,76.53,0.27%
8-Feb-12,77.07,76.77,77.19,76.72,0.39%
9-Feb-12,77.66,77.07,77.73,77.04,0.76%
10-Feb-12,77.61,77.66,77.81,77.52,-0.06%
13-Feb-12,77.52,77.71,77.78,77.37,-0.12%
14-Feb-12,78.41,77.52,78.54,77.51,1.15%
15-Feb-12,78.5,78.41,78.66,78.18,0.12%
16-Feb-12,78.83,78.5,78.96,78.37,0.42%
17-Feb-12,79.56,78.83,79.61,78.83,0.92%
20-Feb-12,79.62,79.79,79.79,79.36,0.07%
21-Feb-12,79.85,79.62,79.86,79.56,0.30%
22-Feb-12,80.27,79.85,80.4,79.78,0.52%
23-Feb-12,79.95,80.27,80.34,79.86,-0.41%
24-Feb-12,81.2,79.94,81.22,79.94,1.57%
27-Feb-12,80.47,81.48,81.49,80.14,-0.90%
28-Feb-12,80.48,80.47,80.79,80.02,0.01%
29-Feb-12,81.29,80.49,81.38,80.26,1.00%
1-Mar-12,81.09,81.29,81.32,80.84,-0.24%
2-Mar-12,81.8,81.09,81.87,81.09,0.88%
5-Mar-12,81.53,81.62,81.79,81.16,-0.33%
6-Mar-12,80.64,81.53,81.57,80.59,-1.09%
7-Mar-12,81.36,80.64,81.36,80.59,0.89%
8-Mar-12,81.6,81.36,81.73,81.18,0.29%
9-Mar-12,82.48,81.6,82.64,81.48,1.09%
12-Mar-12,82.38,82.35,82.43,82.11,-0.13%
13-Mar-12,82.96,82.38,83.08,81.97,0.71%
14-Mar-12,83.83,82.96,83.91,82.96,1.06%
15-Mar-12,83.5,83.84,84.18,83.2,-0.40%
16-Mar-12,83.44,83.5,83.94,83.19,-0.07%
19-Mar-12,83.38,83.46,83.57,83.02,-0.08%
20-Mar-12,83.67,83.38,83.83,83.32,0.35%
21-Mar-12,83.2,83.67,84.1,83.14,-0.57%
22-Mar-12,82.53,83.2,83.47,82.33,-0.80%
23-Mar-12,82.35,82.53,82.95,81.99,-0.22%
26-Mar-12,83.02,82.6,83.04,82.56,0.81%
27-Mar-12,83.07,83.02,83.38,82.64,0.07%
28-Mar-12,82.85,83.07,83.18,82.61,-0.28%
29-Mar-12,82.29,82.84,82.87,81.92,-0.66%
30-Mar-12,82.87,82.29,82.88,81.84,0.70%
2-Apr-12,81.64,82.89,83.3,81.56,-1.48%
3-Apr-12,82.85,81.63,82.99,81.63,1.48%
4-Apr-12,82.44,82.85,82.94,82.1,-0.49%
5-Apr-12,82.21,82.42,82.45,81.83,-0.27%
6-Apr-12,81.64,82.22,82.56,81.33,-0.70%
9-Apr-12,81.64,81.3,81.67,81.23,0.00%
10-Apr-12,80.68,81.65,81.86,80.65,-1.18%
11-Apr-12,81,80.68,81.12,80.59,0.40%
12-Apr-12,80.94,81,81.13,80.74,-0.07%
13-Apr-12,80.92,80.95,81.19,80.83,-0.03%
16-Apr-12,80.41,80.92,81,80.3,-0.63%
17-Apr-12,81.06,80.41,81.11,80.37,0.82%
18-Apr-12,81.32,81.07,81.56,81.01,0.31%
19-Apr-12,81.63,81.32,81.74,81.27,0.38%
20-Apr-12,81.52,81.63,81.78,81.48,-0.13%
23-Apr-12,81.09,81.6,81.6,80.97,-0.53%
24-Apr-12,81.4,81.09,81.44,80.86,0.38%
25-Apr-12,81.32,81.4,81.69,81.08,-0.10%
26-Apr-12,81.07,81.32,81.42,80.67,-0.31%
27-Apr-12,80.27,81.07,81.44,80.22,-0.99%
30-Apr-12,79.94,80.36,80.37,79.74,-0.41%
1-May-12,80.23,79.94,80.3,79.64,0.36%
2-May-12,80.14,80.23,80.61,80.06,-0.11%
3-May-12,80.23,80.14,80.55,80.11,0.12%
4-May-12,79.85,80.17,80.35,79.78,-0.47%
7-May-12,79.91,79.75,79.99,79.64,0.08%
8-May-12,79.88,79.88,80.07,79.68,-0.04%
9-May-12,79.64,79.89,79.93,79.41,-0.30%
10-May-12,79.92,79.65,80.02,79.58,0.35%
11-May-12,79.96,79.86,80,79.71,0.05%
14-May-12,79.9,79.95,80.18,79.66,-0.08%
15-May-12,80.19,79.83,80.33,79.78,0.36%
16-May-12,80.31,80.18,80.55,80.17,0.15%
17-May-12,79.35,80.3,80.39,79.12,-1.20%
18-May-12,79.03,79.32,79.45,78.97,-0.40%
21-May-12,79.31,79.17,79.45,79.08,0.35%
22-May-12,79.98,79.28,80.14,79.25,0.84%
23-May-12,79.47,79.95,80.07,79.2,-0.64%
24-May-12,79.57,79.46,79.63,79.31,0.13%
25-May-12,79.68,79.56,79.81,79.47,0.14%
28-May-12,79.47,79.66,79.66,79.31,-0.26%
29-May-12,79.52,79.45,79.63,79.36,0.06%
30-May-12,79.09,79.52,79.56,78.85,-0.54%
31-May-12,78.36,79.08,79.13,78.2,-0.92%
1-Jun-12,78.02,78.35,78.64,77.65,-0.43%
4-Jun-12,78.34,78.07,78.41,77.96,0.41%
5-Jun-12,78.77,78.31,78.84,78.09,0.55%
6-Jun-12,79.23,78.71,79.26,78.58,0.58%
7-Jun-12,79.64,79.22,79.78,79.18,0.52%
8-Jun-12,79.49,79.66,79.75,79.09,-0.19%
11-Jun-12,79.42,79.55,79.71,79.34,-0.09%
12-Jun-12,79.54,79.39,79.68,79.13,0.15%
13-Jun-12,79.41,79.54,79.74,79.27,-0.16%
14-Jun-12,79.39,79.41,79.47,79.14,-0.03%
15-Jun-12,78.72,79.39,79.51,78.59,-0.84%
18-Jun-12,79.12,78.9,79.29,78.84,0.51%
19-Jun-12,78.94,79.1,79.11,78.83,-0.23%
20-Jun-12,79.52,78.99,79.67,78.77,0.73%
21-Jun-12,80.27,79.45,80.33,79.36,0.94%
22-Jun-12,80.42,80.21,80.56,79.99,0.19%
25-Jun-12,79.67,80.46,80.59,79.41,-0.93%
26-Jun-12,79.5,79.61,79.78,79.22,-0.21%
27-Jun-12,79.71,79.5,79.87,79.32,0.26%
28-Jun-12,79.45,79.67,79.75,79.21,-0.33%
29-Jun-12,79.81,79.41,79.99,79.14,0.45%
2-Jul-12,79.5,79.89,79.96,79.29,-0.39%
3-Jul-12,79.84,79.48,79.93,79.4,0.43%
4-Jul-12,79.84,79.8,79.89,79.56,0.00%
5-Jul-12,79.89,79.86,80.09,79.54,0.06%
6-Jul-12,79.67,79.91,80.01,79.48,-0.28%
9-Jul-12,79.58,79.65,79.74,79.41,-0.11%
10-Jul-12,79.44,79.54,79.59,79.18,-0.18%
11-Jul-12,79.75,79.4,79.78,79.11,0.39%
12-Jul-12,79.3,79.72,79.94,79.16,-0.56%
13-Jul-12,79.22,79.27,79.39,79.07,-0.10%
16-Jul-12,78.86,79.23,79.28,78.67,-0.45%
17-Jul-12,79.07,78.85,79.17,78.77,0.27%
18-Jul-12,78.81,79.03,79.14,78.74,-0.33%
19-Jul-12,78.59,78.78,78.82,78.42,-0.28%
20-Jul-12,78.49,78.57,78.8,78.42,-0.13%
23-Jul-12,78.39,78.43,78.52,77.95,-0.13%
24-Jul-12,78.19,78.37,78.38,78.08,-0.26%
25-Jul-12,78.17,78.16,78.27,78.04,-0.03%
26-Jul-12,78.22,78.15,78.31,78.01,0.06%
27-Jul-12,78.42,78.21,78.67,78.05,0.26%
30-Jul-12,78.18,78.44,78.54,78.1,-0.31%
31-Jul-12,78.13,78.17,78.3,78.02,-0.06%
1-Aug-12,78.44,78.1,78.5,77.91,0.40%
2-Aug-12,78.23,78.44,78.53,78.11,-0.27%
3-Aug-12,78.48,78.23,78.77,78.03,0.32%
6-Aug-12,78.25,78.46,78.63,78.13,-0.29%
7-Aug-12,78.61,78.24,78.73,78.12,0.46%
8-Aug-12,78.42,78.59,78.65,78.21,-0.24%
9-Aug-12,78.56,78.41,78.79,78.27,0.18%
10-Aug-12,78.28,78.55,78.64,78.14,-0.36%
13-Aug-12,78.32,78.22,78.37,78.14,0.05%
14-Aug-12,78.73,78.3,78.93,78.28,0.52%
15-Aug-12,79,78.72,79.04,78.57,0.34%
16-Aug-12,79.34,78.99,79.39,78.89,0.43%
17-Aug-12,79.56,79.31,79.57,79.2,0.28%
20-Aug-12,79.42,79.48,79.66,79.3,-0.18%
21-Aug-12,79.28,79.4,79.52,79.2,-0.18%
22-Aug-12,78.58,79.26,79.36,78.33,-0.88%
23-Aug-12,78.48,78.56,78.69,78.34,-0.13%
24-Aug-12,78.67,78.46,78.72,78.43,0.24%
27-Aug-12,78.75,78.64,78.84,78.61,0.10%
28-Aug-12,78.51,78.74,78.77,78.43,-0.30%
29-Aug-12,78.7,78.49,78.78,78.46,0.24%
30-Aug-12,78.62,78.68,78.74,78.46,-0.10%
31-Aug-12,78.39,78.6,78.65,78.18,-0.29%
3-Sep-12,78.26,78.37,78.39,78.18,-0.17%
4-Sep-12,78.42,78.24,78.46,78.23,0.20%
5-Sep-12,78.39,78.39,78.53,78.29,-0.04%
6-Sep-12,78.86,78.36,79.02,78.36,0.60%
7-Sep-12,78.27,78.85,79.01,78,-0.75%
10-Sep-12,78.28,78.22,78.33,78.15,0.01%
11-Sep-12,77.77,78.27,78.28,77.67,-0.65%
12-Sep-12,77.85,77.76,77.96,77.71,0.10%
13-Sep-12,77.49,77.83,77.87,77.11,-0.46%
14-Sep-12,78.39,77.47,78.39,77.44,1.16%
17-Sep-12,78.7,78.37,78.92,78.14,0.40%
18-Sep-12,78.82,78.7,78.87,78.49,0.15%
19-Sep-12,78.38,78.8,79.21,78.24,-0.56%
20-Sep-12,78.25,78.36,78.46,78,-0.17%
21-Sep-12,78.17,78.23,78.37,78.08,-0.10%
24-Sep-12,77.86,78.15,78.17,77.79,-0.40%
25-Sep-12,77.8,77.85,77.92,77.64,-0.08%
26-Sep-12,77.75,77.78,77.88,77.57,-0.06%
27-Sep-12,77.61,77.73,77.75,77.55,-0.18%
28-Sep-12,77.92,77.57,78.1,77.41,0.40%
1-Oct-12,78,77.89,78.14,77.77,0.10%
2-Oct-12,78.16,77.98,78.21,77.95,0.21%
3-Oct-12,78.5,78.14,78.58,78.11,0.44%
4-Oct-12,78.48,78.48,78.71,78.29,-0.03%
5-Oct-12,78.67,78.46,78.87,78.26,0.24%
8-Oct-12,78.33,78.66,78.76,78.06,-0.43%
9-Oct-12,78.25,78.32,78.43,78.14,-0.10%
10-Oct-12,78.19,78.25,78.37,78.11,-0.08%
11-Oct-12,78.33,78.18,78.58,77.92,0.18%
12-Oct-12,78.44,78.31,78.53,78.27,0.14%
15-Oct-12,78.64,78.39,78.86,78.3,0.25%
16-Oct-12,78.89,78.62,78.96,78.61,0.32%
17-Oct-12,78.94,78.88,79.04,78.59,0.06%
18-Oct-12,79.28,78.91,79.45,78.9,0.43%
19-Oct-12,79.32,79.26,79.43,79.11,0.05%
22-Oct-12,79.94,79.3,79.96,79.19,0.78%
23-Oct-12,79.86,79.94,79.99,79.69,-0.10%
24-Oct-12,79.81,79.84,79.91,79.68,-0.06%
25-Oct-12,80.3,79.78,80.34,79.74,0.61%
26-Oct-12,79.65,80.29,80.36,79.48,-0.81%
29-Oct-12,79.81,79.63,79.84,79.51,0.20%
30-Oct-12,79.64,79.78,79.99,79.25,-0.21%
31-Oct-12,79.77,79.6,79.95,79.49,0.16%
1-Nov-12,80.14,79.76,80.2,79.75,0.46%
2-Nov-12,80.47,80.12,80.67,80.1,0.41%
5-Nov-12,80.29,80.27,80.56,80.12,-0.22%
6-Nov-12,80.36,80.28,80.44,79.95,0.09%
7-Nov-12,80,80.35,80.4,79.76,-0.45%
8-Nov-12,79.47,79.98,80,79.31,-0.66%
9-Nov-12,79.5,79.45,79.6,79.06,0.04%
12-Nov-12,79.5,79.46,79.56,79.34,0.00%
13-Nov-12,79.39,79.49,79.64,79.18,-0.14%
14-Nov-12,80.25,79.38,80.3,79.36,1.08%
15-Nov-12,81.16,80.22,81.45,80.11,1.13%
16-Nov-12,81.3,81.14,81.44,80.87,0.17%
19-Nov-12,81.42,81.26,81.56,81.06,0.15%
20-Nov-12,81.67,81.41,81.75,81.11,0.31%
21-Nov-12,82.53,81.67,82.55,81.63,1.05%
22-Nov-12,82.47,82.51,82.82,82.25,-0.07%
23-Nov-12,82.42,82.45,82.48,82.05,-0.06%
26-Nov-12,82.07,82.39,82.62,81.9,-0.42%
27-Nov-12,82.14,82.05,82.31,81.83,0.09%
28-Nov-12,82.07,82.12,82.21,81.67,-0.09%
29-Nov-12,82.12,82.07,82.21,81.89,0.06%
30-Nov-12,82.48,82.1,82.74,82.02,0.44%
3-Dec-12,82.25,82.35,82.5,81.97,-0.28%
4-Dec-12,81.89,82.23,82.26,81.69,-0.44%
5-Dec-12,82.47,81.87,82.48,81.76,0.71%
6-Dec-12,82.41,82.46,82.61,82.18,-0.07%
7-Dec-12,82.48,82.39,82.82,82.15,0.08%
10-Dec-12,82.36,82.35,82.63,82.09,-0.15%
11-Dec-12,82.52,82.33,82.57,82.27,0.19%
12-Dec-12,83.25,82.51,83.29,82.45,0.88%
13-Dec-12,83.64,83.24,83.67,83.1,0.47%
14-Dec-12,83.48,83.64,83.96,83.3,-0.19%
17-Dec-12,83.89,84.35,84.48,83.58,0.49%
18-Dec-12,84.2,83.86,84.27,83.79,0.37%
19-Dec-12,84.41,84.2,84.61,84.14,0.25%
20-Dec-12,84.38,84.4,84.45,83.83,-0.04%
21-Dec-12,84.23,84.36,84.44,83.83,-0.18%
24-Dec-12,84.94,84.21,84.94,84.2,0.84%
25-Dec-12,84.75,84.94,84.95,84.59,-0.22%
26-Dec-12,85.64,84.75,85.7,84.72,1.05%
27-Dec-12,86.1,85.62,86.15,85.45,0.54%
28-Dec-12,86.02,86.09,86.63,85.92,-0.09%
31-Dec-12,86.75,85.78,86.79,85.68,0.85%
1-Jan-13,86.69,86.72,86.79,86.53,-0.07%
2-Jan-13,87.34,86.67,87.34,86.51,0.75%
3-Jan-13,87.23,87.32,87.36,86.74,-0.13%
4-Jan-13,88.15,87.21,88.4,87.21,1.05%
7-Jan-13,87.78,88.17,88.37,87.6,-0.42%
8-Jan-13,87.05,87.75,87.82,86.88,-0.83%
9-Jan-13,87.88,87.03,88.01,86.81,0.95%
10-Jan-13,88.78,87.86,88.78,87.84,1.02%
11-Jan-13,89.18,88.78,89.44,88.66,0.45%
14-Jan-13,89.47,89.24,89.67,89.05,0.33%
15-Jan-13,88.79,89.46,89.63,88.27,-0.76%
16-Jan-13,88.39,88.8,88.87,87.77,-0.45%
17-Jan-13,89.88,88.36,90.1,88.11,1.69%
18-Jan-13,90.08,89.85,90.18,89.61,0.22%
21-Jan-13,89.61,89.96,90.25,89.32,-0.52%
22-Jan-13,88.71,89.58,90.06,88.35,-1.00%
23-Jan-13,88.61,88.69,88.79,88.03,-0.11%
24-Jan-13,90.33,88.6,90.54,88.4,1.94%
25-Jan-13,90.92,90.3,91.19,90.26,0.65%
28-Jan-13,90.85,90.9,91.25,90.53,-0.08%
29-Jan-13,90.73,90.83,91.01,90.3,-0.13%
30-Jan-13,91.08,90.73,91.4,90.64,0.39%
31-Jan-13,91.72,91.07,91.77,90.71,0.70%
1-Feb-13,92.72,91.69,92.96,91.59,1.09%
4-Feb-13,92.38,92.82,93.18,92.18,-0.37%
5-Feb-13,93.63,92.36,93.65,91.96,1.35%
6-Feb-13,93.64,93.61,94.06,93.26,0.01%
7-Feb-13,93.63,93.62,93.91,93.06,-0.01%
8-Feb-13,92.69,93.61,93.74,92.15,-1.00%
11-Feb-13,94.33,92.83,94.42,92.34,1.77%
12-Feb-13,93.47,94.3,94.4,92.96,-0.91%
13-Feb-13,93.39,93.46,93.78,92.8,-0.09%
14-Feb-13,92.88,93.36,93.71,92.65,-0.55%
15-Feb-13,93.52,92.86,93.84,92.21,0.69%
18-Feb-13,93.95,93.65,94.2,93.6,0.46%
19-Feb-13,93.58,93.95,93.96,93.27,-0.39%
20-Feb-13,93.56,93.57,94.02,93.11,-0.02%
21-Feb-13,93.11,93.53,93.86,92.76,-0.48%
22-Feb-13,93.41,93.08,93.5,92.9,0.32%
25-Feb-13,91.81,93.96,94.76,90.92,-1.71%
26-Feb-13,91.98,91.8,92.74,91.13,0.19%
27-Feb-13,92.23,91.95,92.43,91.12,0.27%
28-Feb-13,92.56,92.2,92.85,91.98,0.36%
1-Mar-13,93.59,92.54,93.68,92.41,1.11%
4-Mar-13,93.48,93.56,93.72,93.15,-0.12%
5-Mar-13,93.29,93.46,93.54,92.89,-0.20%
6-Mar-13,94.08,93.28,94.11,92.98,0.85%
7-Mar-13,94.83,94.04,95.06,93.77,0.80%
8-Mar-13,96.03,94.79,96.54,94.76,1.27%
11-Mar-13,96.28,95.95,96.36,95.9,0.26%
12-Mar-13,96.08,96.26,96.71,95.62,-0.21%
13-Mar-13,96.11,96.08,96.25,95.43,0.03%
14-Mar-13,96.11,96.11,96.59,95.66,0.00%
15-Mar-13,95.28,96.08,96.27,95.06,-0.86%
18-Mar-13,95.22,94.1,95.6,94.03,-0.06%
19-Mar-13,95.16,95.2,95.74,94.71,-0.06%
20-Mar-13,96.03,95.16,96.13,94.81,0.91%
21-Mar-13,94.89,95.99,96.11,94.56,-1.19%
22-Mar-13,94.52,94.9,95.13,94.18,-0.39%
25-Mar-13,94.17,94.31,94.96,93.53,-0.37%
26-Mar-13,94.44,94.15,94.61,93.85,0.29%
27-Mar-13,94.44,94.44,94.91,94.02,0.00%
28-Mar-13,94.14,94.42,94.49,93.85,-0.32%
29-Mar-13,94.22,94.13,94.3,93.96,0.08%
1-Apr-13,93.23,94.18,94.37,93.16,-1.05%
2-Apr-13,93.44,93.21,93.56,92.54,0.23%
3-Apr-13,93.06,93.42,93.69,92.69,-0.41%
4-Apr-13,96.34,93.03,96.41,92.72,3.52%
5-Apr-13,97.53,96.32,97.83,95.8,1.24%
8-Apr-13,99.36,97.84,99.38,97.83,1.88%
9-Apr-13,99.03,99.34,99.66,98.58,-0.33%
10-Apr-13,99.78,99,99.87,98.88,0.76%
11-Apr-13,99.68,99.77,99.94,99.1,-0.10%
12-Apr-13,98.4,99.67,99.8,98.09,-1.28%
15-Apr-13,96.78,97.78,98.7,96.34,-1.65%
16-Apr-13,97.54,96.74,98.15,95.93,0.79%
17-Apr-13,98.11,97.53,98.43,97.19,0.58%
18-Apr-13,98.17,98.09,98.52,97.62,0.06%
19-Apr-13,99.52,98.14,99.68,98.08,1.38%
22-Apr-13,99.22,99.75,99.88,99.02,-0.30%
23-Apr-13,99.47,99.22,99.52,98.47,0.25%
24-Apr-13,99.48,99.47,99.76,99.18,0.01%
25-Apr-13,99.25,99.47,99.56,98.95,-0.23%
26-Apr-13,98.05,99.23,99.41,97.54,-1.21%
29-Apr-13,97.77,98.03,98.2,97.33,-0.29%
30-Apr-13,97.42,97.76,98.12,97.01,-0.36%
1-May-13,97.39,97.42,97.67,97.03,-0.03%
2-May-13,97.97,97.37,98.39,97.06,0.60%
3-May-13,99.03,97.91,99.26,97.87,1.08%
6-May-13,99.34,99.06,99.45,99,0.31%
7-May-13,99.02,99.33,99.43,98.82,-0.32%
8-May-13,99,98.99,99.15,98.57,-0.02%
9-May-13,100.61,98.99,100.79,98.62,1.63%
10-May-13,101.61,100.56,101.98,100.52,0.99%
13-May-13,101.83,101.84,102.14,101.49,0.22%
14-May-13,102.36,101.79,102.4,101.24,0.52%
15-May-13,102.23,102.34,102.76,101.86,-0.13%
16-May-13,102.25,102.21,102.68,101.82,0.02%
17-May-13,103.21,102.23,103.3,102.05,0.94%
20-May-13,102.27,102.94,103.09,102.16,-0.91%
21-May-13,102.5,102.24,102.88,102.06,0.22%
22-May-13,103.16,102.47,103.73,102.33,0.64%
23-May-13,102.03,103.13,103.56,100.82,-1.10%
24-May-13,101.29,102.01,102.58,100.68,-0.73%
27-May-13,100.94,101.3,101.66,100.72,-0.35%
28-May-13,102.38,100.93,102.5,100.9,1.43%
29-May-13,101.16,102.34,102.52,100.71,-1.19%
30-May-13,100.73,101.13,101.8,100.45,-0.43%
31-May-13,100.48,100.71,101.27,100.23,-0.25%
3-Jun-13,99.53,100.35,100.72,98.86,-0.95%
4-Jun-13,100.03,99.52,100.41,99.3,0.50%
5-Jun-13,99.06,100,100.43,98.95,-0.97%
6-Jun-13,96.96,99.03,99.47,95.96,-2.12%
7-Jun-13,97.55,96.98,97.75,95.02,0.61%
10-Jun-13,98.77,97.5,99.28,97.4,1.25%
11-Jun-13,96.03,98.76,99.04,95.6,-2.77%
12-Jun-13,96.03,96.01,97.02,95.13,0.00%
13-Jun-13,95.38,96.01,96.08,93.78,-0.68%
14-Jun-13,94.08,95.35,95.81,93.99,-1.36%
17-Jun-13,94.51,94.1,95.21,94.08,0.46%
18-Jun-13,95.33,94.49,95.76,94.43,0.87%
19-Jun-13,96.47,95.31,97.01,94.81,1.20%
20-Jun-13,97.28,96.45,98.28,96.19,0.84%
21-Jun-13,97.9,97.26,98.13,96.84,0.64%
24-Jun-13,97.73,97.84,98.7,97.21,-0.17%
25-Jun-13,97.81,97.7,98.05,96.96,0.08%
26-Jun-13,97.75,97.78,98.23,97.24,-0.06%
27-Jun-13,98.36,97.72,98.57,97.54,0.62%
28-Jun-13,99.14,98.33,99.45,98.33,0.79%
1-Jul-13,99.67,99.25,99.86,99.16,0.53%
2-Jul-13,100.63,99.64,100.72,99.48,0.96%
3-Jul-13,99.92,100.61,100.85,99.24,-0.71%
4-Jul-13,100.05,99.89,100.15,99.47,0.13%
5-Jul-13,101.2,100.03,101.22,99.86,1.15%
8-Jul-13,100.97,101.17,101.53,100.77,-0.23%
9-Jul-13,101.16,100.94,101.29,100.75,0.19%
10-Jul-13,99.67,101.13,101.21,99.41,-1.47%
11-Jul-13,98.96,99.65,99.86,98.27,-0.71%
12-Jul-13,99.22,98.94,99.69,98.66,0.26%
15-Jul-13,99.86,99.3,100.48,99.06,0.65%
16-Jul-13,99.09,99.85,100.07,98.88,-0.77%
17-Jul-13,99.58,99.07,99.93,99.04,0.49%
18-Jul-13,100.42,99.58,100.65,99.45,0.84%
19-Jul-13,100.65,100.4,100.86,99.83,0.23%
22-Jul-13,99.67,100.7,100.71,99.28,-0.97%
23-Jul-13,99.43,99.65,100.18,99.13,-0.24%
24-Jul-13,100.25,99.41,100.43,99.37,0.82%
25-Jul-13,99.3,100.23,100.45,98.88,-0.95%
26-Jul-13,98.28,99.27,99.41,97.94,-1.03%
29-Jul-13,97.95,98.08,98.33,97.61,-0.34%
30-Jul-13,98.03,97.93,98.46,97.74,0.08%
31-Jul-13,97.88,98.03,98.52,97.56,-0.15%
1-Aug-13,99.55,97.86,99.57,97.63,1.71%
2-Aug-13,98.97,99.53,99.94,98.65,-0.58%
5-Aug-13,98.31,98.88,99.15,98.16,-0.67%
6-Aug-13,97.75,98.27,98.58,97.51,-0.57%
7-Aug-13,96.33,97.72,97.8,96.3,-1.45%
8-Aug-13,96.73,96.31,96.93,95.79,0.42%
9-Aug-13,96.22,96.69,96.96,96.11,-0.53%
12-Aug-13,96.91,96.19,96.93,95.92,0.72%
13-Aug-13,98.2,96.88,98.34,96.83,1.33%
14-Aug-13,98.14,98.19,98.42,97.84,-0.06%
15-Aug-13,97.37,98.11,98.64,97.09,-0.78%
16-Aug-13,97.53,97.35,97.77,97.03,0.16%
19-Aug-13,97.56,97.51,98.12,97.34,0.03%
20-Aug-13,97.28,97.55,97.86,96.88,-0.29%
21-Aug-13,97.67,97.25,97.98,97.1,0.40%
22-Aug-13,98.73,97.66,98.8,97.55,1.09%
23-Aug-13,98.75,98.71,99.15,98.38,0.02%
26-Aug-13,98.51,98.2,98.84,98.19,-0.24%
27-Aug-13,97.03,98.5,98.53,96.96,-1.50%
28-Aug-13,97.64,97.01,97.83,96.83,0.63%
29-Aug-13,98.35,97.62,98.51,97.43,0.73%
30-Aug-13,98.17,98.36,98.47,97.86,-0.18%
2-Sep-13,99.33,98.34,99.42,98.25,1.18%
3-Sep-13,99.58,99.32,99.86,99.14,0.25%
4-Sep-13,99.76,99.56,99.82,99.3,0.18%
5-Sep-13,100.12,99.73,100.19,99.55,0.36%
6-Sep-13,99.11,100.09,100.22,98.53,-1.01%
9-Sep-13,99.58,99.82,100.1,99.32,0.47%
10-Sep-13,100.41,99.56,100.46,99.46,0.83%
11-Sep-13,99.88,100.37,100.6,99.77,-0.53%
12-Sep-13,99.55,99.87,99.99,98.99,-0.33%
13-Sep-13,99.36,99.54,99.97,99.17,-0.19%
16-Sep-13,99.08,99.45,99.48,98.53,-0.28%
17-Sep-13,99.12,99.04,99.38,98.97,0.04%
18-Sep-13,97.94,99.11,99.33,97.75,-1.19%
19-Sep-13,99.45,97.93,99.58,97.85,1.54%
20-Sep-13,99.31,99.47,99.67,99.14,-0.14%
23-Sep-13,98.84,99.15,99.36,98.62,-0.47%
24-Sep-13,98.73,98.83,99.17,98.45,-0.11%
25-Sep-13,98.44,98.73,98.81,98.35,-0.29%
26-Sep-13,98.99,98.44,99.13,98.24,0.56%
27-Sep-13,98.26,98.97,99.04,98.07,-0.74%
30-Sep-13,98.23,97.92,98.46,97.48,-0.03%
1-Oct-13,98,98.19,98.72,97.64,-0.23%
2-Oct-13,97.36,97.97,98.08,97.12,-0.65%
3-Oct-13,97.27,97.32,97.87,96.92,-0.09%
4-Oct-13,97.47,97.24,97.48,96.93,0.21%
7-Oct-13,96.71,97.42,97.44,96.66,-0.78%
8-Oct-13,96.88,96.69,97.25,96.55,0.18%
9-Oct-13,97.34,96.86,97.65,96.79,0.47%
10-Oct-13,98.16,97.33,98.27,97.3,0.84%
11-Oct-13,98.58,98.13,98.59,97.9,0.43%
14-Oct-13,98.58,98.07,98.58,98.05,0.00%
15-Oct-13,98.17,98.55,98.7,98.07,-0.42%
16-Oct-13,98.77,98.15,98.97,98.12,0.61%
17-Oct-13,97.91,98.76,99,97.71,-0.87%
18-Oct-13,97.73,97.9,98.15,97.53,-0.18%
21-Oct-13,98.19,97.7,98.24,97.66,0.47%
22-Oct-13,98.14,98.17,98.48,97.86,-0.05%
23-Oct-13,97.38,98.12,98.19,97.13,-0.77%
24-Oct-13,97.28,97.37,97.61,97.15,-0.10%
25-Oct-13,97.42,97.27,97.49,96.92,0.14%
28-Oct-13,97.68,97.55,97.79,97.43,0.27%
29-Oct-13,98.19,97.65,98.27,97.43,0.52%
30-Oct-13,98.51,98.17,98.67,98.05,0.33%
31-Oct-13,98.36,98.5,98.57,98.07,-0.15%
1-Nov-13,98.69,98.33,98.84,97.79,0.34%
4-Nov-13,98.61,98.7,98.84,98.51,-0.08%
5-Nov-13,98.5,98.59,98.67,98.14,-0.11%
6-Nov-13,98.66,98.49,98.75,98.38,0.16%
7-Nov-13,98.09,98.65,99.41,97.63,-0.58%
8-Nov-13,99.08,98.08,99.21,97.96,1.01%
11-Nov-13,99.16,99.16,99.3,98.89,0.08%
12-Nov-13,99.64,99.13,99.79,99.07,0.48%
13-Nov-13,99.25,99.6,99.67,99.08,-0.39%
14-Nov-13,100.02,99.22,100.15,99.11,0.78%
15-Nov-13,100.19,100,100.43,99.93,0.17%
18-Nov-13,100,100.16,100.39,99.77,-0.19%
19-Nov-13,100.15,99.97,100.25,99.55,0.15%
20-Nov-13,100.03,100.12,100.23,99.77,-0.12%
21-Nov-13,101.16,100.02,101.16,99.98,1.13%
22-Nov-13,101.28,101.15,101.35,100.92,0.12%
25-Nov-13,101.68,101.25,101.91,101.11,0.39%
26-Nov-13,101.3,101.67,101.71,101.13,-0.37%
27-Nov-13,102.17,101.26,102.19,101.16,0.86%
28-Nov-13,102.32,102.13,102.37,101.91,0.15%
29-Nov-13,102.44,102.3,102.6,102.09,0.12%
2-Dec-13,102.95,102.42,103.13,102.2,0.50%
3-Dec-13,102.52,102.93,103.37,101.97,-0.42%
4-Dec-13,102.36,102.48,102.83,101.81,-0.16%
5-Dec-13,101.78,102.34,102.44,101.61,-0.57%
6-Dec-13,102.91,101.76,102.96,101.61,1.11%
9-Dec-13,103.28,102.9,103.33,102.86,0.36%
10-Dec-13,102.84,103.27,103.39,102.55,-0.43%
11-Dec-13,102.44,102.85,102.94,102.19,-0.39%
12-Dec-13,103.38,102.41,103.43,102.35,0.92%
13-Dec-13,103.22,103.36,103.92,102.97,-0.15%
16-Dec-13,103.03,103.19,103.32,102.62,-0.18%
17-Dec-13,102.67,103,103.1,102.47,-0.35%
18-Dec-13,104.28,102.65,104.35,102.53,1.57%
19-Dec-13,104.25,104.24,104.36,103.78,-0.03%
20-Dec-13,104.08,104.23,104.63,103.84,-0.16%
23-Dec-13,104.11,104.08,104.12,103.75,0.03%
24-Dec-13,104.36,104.09,104.41,104.07,0.24%
25-Dec-13,104.38,104.33,104.49,104.24,0.02%
26-Dec-13,104.81,104.35,104.84,104.35,0.41%
27-Dec-13,105.17,104.79,105.18,104.62,0.34%
30-Dec-13,105.16,105.13,105.41,104.95,-0.01%
31-Dec-13,105.31,105.13,105.35,104.83,0.14%
1-Jan-14,105.25,105.28,105.4,105.18,-0.06%
2-Jan-14,104.77,105.23,105.44,104.52,-0.46%
3-Jan-14,104.86,104.78,104.87,104.05,0.09%
6-Jan-14,104.22,104.85,104.94,103.88,-0.61%
7-Jan-14,104.62,104.2,104.73,104.16,0.38%
8-Jan-14,104.86,104.58,105.12,104.56,0.23%
9-Jan-14,104.83,104.83,105.05,104.55,-0.03%
10-Jan-14,104.15,104.83,105.12,103.82,-0.65%
13-Jan-14,103,104.09,104.13,102.83,-1.10%
14-Jan-14,104.22,102.97,104.28,102.97,1.18%
15-Jan-14,104.56,104.2,104.69,104.06,0.33%
16-Jan-14,104.36,104.54,104.94,104.12,-0.19%
17-Jan-14,104.31,104.33,104.5,104.17,-0.05%
20-Jan-14,104.18,104.26,104.34,103.84,-0.12%
21-Jan-14,104.32,104.18,104.76,104.01,0.13%
22-Jan-14,104.52,104.28,104.58,103.95,0.19%
23-Jan-14,103.27,104.5,104.84,102.95,-1.20%
24-Jan-14,102.3,103.24,103.59,101.98,-0.94%
27-Jan-14,102.55,102.37,102.94,101.77,0.24%
28-Jan-14,102.97,102.54,103.27,102.46,0.41%
29-Jan-14,102.3,102.94,103.46,101.83,-0.65%
30-Jan-14,102.72,102.28,102.92,102.04,0.41%
31-Jan-14,102.03,102.71,102.94,101.94,-0.67%
3-Feb-14,100.99,102.02,102.42,100.76,-1.02%
4-Feb-14,101.65,100.98,101.68,100.74,0.65%
5-Feb-14,101.44,101.64,101.77,100.77,-0.21%
6-Feb-14,102.11,101.43,102.19,101.21,0.66%
7-Feb-14,102.34,102.08,102.58,101.41,0.23%
10-Feb-14,102.25,102.28,102.66,101.97,-0.09%
11-Feb-14,102.64,102.24,102.7,102.05,0.38%
12-Feb-14,102.53,102.62,102.69,102.2,-0.11%
13-Feb-14,102.17,102.52,102.59,101.68,-0.35%
14-Feb-14,101.8,102.18,102.43,101.55,-0.36%
17-Feb-14,101.94,101.8,102,101.37,0.14%
18-Feb-14,102.37,101.93,102.75,101.78,0.42%
19-Feb-14,102.33,102.34,102.47,101.83,-0.04%
20-Feb-14,102.27,102.29,102.42,101.65,-0.06%
21-Feb-14,102.53,102.27,102.83,102.24,0.25%
24-Feb-14,102.5,102.53,102.7,102.14,-0.03%
25-Feb-14,102.23,102.5,102.64,101.98,-0.26%
26-Feb-14,102.38,102.23,102.64,102.07,0.15%
27-Feb-14,102.13,102.36,102.46,101.7,-0.24%
28-Feb-14,101.81,102.12,102.28,101.53,-0.31%
3-Mar-14,101.45,101.54,101.67,101.17,-0.35%
4-Mar-14,102.21,101.44,102.29,101.37,0.75%
5-Mar-14,102.31,102.2,102.56,102.08,0.10%
6-Mar-14,103.07,102.29,103.17,102.24,0.74%
7-Mar-14,103.28,103.05,103.78,102.81,0.20%
10-Mar-14,103.27,102.97,103.42,102.78,-0.01%
11-Mar-14,103.02,103.24,103.44,102.83,-0.24%
12-Mar-14,102.77,103,103.11,102.53,-0.24%
13-Mar-14,101.84,102.74,102.87,101.52,-0.90%
14-Mar-14,101.36,101.83,101.89,101.18,-0.47%
17-Mar-14,101.77,101.32,101.88,101.23,0.40%
18-Mar-14,101.44,101.75,101.97,101.25,-0.32%
19-Mar-14,102.34,101.41,102.69,101.27,0.89%
20-Mar-14,102.4,102.3,102.56,102.17,0.06%
21-Mar-14,102.27,102.38,102.48,101.99,-0.13%
24-Mar-14,102.25,102.23,102.66,102.09,-0.02%
25-Mar-14,102.27,102.22,102.48,102.08,0.02%
26-Mar-14,102.05,102.23,102.47,101.85,-0.22%
27-Mar-14,102.17,102.06,102.44,101.71,0.12%
28-Mar-14,102.81,102.17,103,102.01,0.63%
31-Mar-14,103.22,102.82,103.45,102.75,0.40%
1-Apr-14,103.64,103.19,103.72,103.06,0.41%
2-Apr-14,103.88,103.63,103.95,103.56,0.23%
3-Apr-14,103.92,103.87,104.12,103.78,0.04%
4-Apr-14,103.28,103.9,104.12,103.17,-0.62%
7-Apr-14,103.11,103.29,103.42,102.97,-0.16%
8-Apr-14,101.81,103.09,103.14,101.52,-1.26%
9-Apr-14,101.98,101.78,102.17,101.7,0.17%
10-Apr-14,101.53,101.96,102.16,101.31,-0.44%
11-Apr-14,101.61,101.51,101.89,101.31,0.08%
14-Apr-14,101.84,101.55,102.03,101.39,0.23%
15-Apr-14,101.93,101.82,102.01,101.47,0.09%
16-Apr-14,102.23,101.91,102.38,101.77,0.29%
17-Apr-14,102.39,102.22,102.47,101.85,0.16%
18-Apr-14,102.42,102.37,102.59,102.34,0.03%
21-Apr-14,102.62,102.48,102.71,102.36,0.20%
22-Apr-14,102.62,102.6,102.74,102.38,0.00%
23-Apr-14,102.54,102.61,102.7,102.15,-0.08%
24-Apr-14,102.32,102.53,102.66,102.07,-0.21%
25-Apr-14,102.17,102.29,102.52,101.94,-0.15%
28-Apr-14,102.5,102.15,102.64,102.02,0.32%
29-Apr-14,102.64,102.48,102.81,102.44,0.14%
30-Apr-14,102.26,102.61,102.68,102.02,-0.37%
1-May-14,102.34,102.22,102.38,102.1,0.08%
2-May-14,102.19,102.32,103.03,102.11,-0.15%
5-May-14,102.14,102.14,102.27,101.84,-0.05%
6-May-14,101.69,102.12,102.19,101.48,-0.44%
7-May-14,101.92,101.67,102,101.4,0.23%
8-May-14,101.66,101.9,101.97,101.44,-0.26%
9-May-14,101.86,101.64,101.86,101.52,0.20%
12-May-14,102.12,101.75,102.19,101.73,0.26%
13-May-14,102.26,102.12,102.37,102.03,0.14%
14-May-14,101.89,102.25,102.3,101.7,-0.36%
15-May-14,101.58,101.88,102.12,101.3,-0.30%
16-May-14,101.52,101.55,101.7,101.33,-0.06%
19-May-14,101.51,101.51,101.61,101.07,-0.01%
20-May-14,101.33,101.51,101.61,101.16,-0.18%
21-May-14,101.38,101.31,101.64,100.8,0.05%
22-May-14,101.73,101.33,101.83,101.32,0.35%
23-May-14,101.97,101.72,102.01,101.56,0.24%
26-May-14,101.95,101.94,102.06,101.81,-0.02%
27-May-14,101.99,101.93,102.16,101.7,0.04%
28-May-14,101.84,101.97,102.05,101.62,-0.15%
29-May-14,101.8,101.83,101.86,101.41,-0.04%
30-May-14,101.78,101.78,101.84,101.48,-0.02%
2-Jun-14,102.39,101.81,102.5,101.72,0.60%
3-Jun-14,102.5,102.38,102.58,102.24,0.11%
4-Jun-14,102.75,102.5,102.81,102.41,0.24%
5-Jun-14,102.39,102.74,102.78,102.32,-0.35%
6-Jun-14,102.48,102.39,102.62,102.1,0.09%
9-Jun-14,102.53,102.45,102.66,102.35,0.05%
10-Jun-14,102.36,102.52,102.58,102.19,-0.17%
11-Jun-14,102.08,102.33,102.41,101.84,-0.27%
12-Jun-14,101.72,102.06,102.17,101.57,-0.35%
13-Jun-14,102.07,101.71,102.15,101.63,0.34%
16-Jun-14,101.84,102.03,102.11,101.69,-0.23%
17-Jun-14,102.14,101.83,102.25,101.78,0.29%
18-Jun-14,101.92,102.14,102.33,101.86,-0.22%
19-Jun-14,101.94,101.91,102.03,101.71,0.02%
20-Jun-14,102.08,101.94,102.2,101.78,0.14%
23-Jun-14,101.95,102.08,102.15,101.78,-0.13%
24-Jun-14,101.97,101.93,102.17,101.78,0.02%
25-Jun-14,101.88,101.97,101.98,101.6,-0.09%
26-Jun-14,101.73,101.86,101.86,101.47,-0.15%
27-Jun-14,101.38,101.72,101.75,101.29,-0.34%
30-Jun-14,101.33,101.42,101.5,101.21,-0.05%
1-Jul-14,101.53,101.32,101.59,101.26,0.20%
2-Jul-14,101.79,101.52,101.86,101.38,0.26%
3-Jul-14,102.19,101.75,102.27,101.73,0.39%
4-Jul-14,102.12,102.18,102.24,101.94,-0.07%
7-Jul-14,101.84,102.03,102.22,101.76,-0.27%
8-Jul-14,101.58,101.84,101.9,101.46,-0.26%
9-Jul-14,101.64,101.56,101.86,101.42,0.06%
10-Jul-14,101.33,101.62,101.69,101.04,-0.30%
11-Jul-14,101.38,101.33,101.41,101.19,0.05%
14-Jul-14,101.55,101.37,101.64,101.3,0.17%
15-Jul-14,101.69,101.53,101.75,101.42,0.14%
16-Jul-14,101.68,101.66,101.8,101.61,-0.01%
17-Jul-14,101.17,101.65,101.72,101.12,-0.50%
18-Jul-14,101.33,101.17,101.45,101.08,0.16%
21-Jul-14,101.4,101.38,101.4,101.16,0.07%
22-Jul-14,101.47,101.37,101.61,101.3,0.07%
23-Jul-14,101.48,101.45,101.56,101.29,0.01%
24-Jul-14,101.81,101.46,101.86,101.38,0.33%
25-Jul-14,101.84,101.81,101.95,101.68,0.03%
28-Jul-14,101.86,101.74,101.91,101.72,0.02%
29-Jul-14,102.13,101.83,102.17,101.79,0.27%
30-Jul-14,102.8,102.12,103.09,102,0.66%
31-Jul-14,102.8,102.78,103,102.69,0.00%
1-Aug-14,102.63,102.78,103.04,102.32,-0.17%
4-Aug-14,102.59,102.57,102.75,102.38,-0.04%
5-Aug-14,102.59,102.56,102.92,102.43,0.00%
6-Aug-14,102.11,102.57,102.66,101.77,-0.47%
7-Aug-14,102.11,102.09,102.47,101.97,0.00%
8-Aug-14,102.06,102.09,102.16,101.49,-0.05%
11-Aug-14,102.19,102.05,102.23,101.99,0.13%
12-Aug-14,102.26,102.17,102.37,102.06,0.07%
13-Aug-14,102.43,102.25,102.56,102.2,0.17%
14-Aug-14,102.44,102.43,102.67,102.28,0.01%
15-Aug-14,102.36,102.43,102.73,102.12,-0.08%
18-Aug-14,102.57,102.2,102.6,102.15,0.21%
19-Aug-14,102.91,102.56,102.94,102.5,0.33%
20-Aug-14,103.75,102.9,103.86,102.86,0.82%
21-Aug-14,103.83,103.75,103.97,103.58,0.08%
22-Aug-14,103.94,103.84,104.2,103.48,0.11%
25-Aug-14,104.06,104.4,104.45,103.84,0.12%
26-Aug-14,104.07,104.04,104.19,103.72,0.01%
27-Aug-14,103.86,104.07,104.17,103.75,-0.20%
28-Aug-14,103.72,103.87,103.94,103.53,-0.13%
29-Aug-14,104.08,103.71,104.14,103.62,0.35%
1-Sep-14,104.36,104.03,104.36,104.03,0.27%
2-Sep-14,105.08,104.35,105.2,104.27,0.69%
3-Sep-14,104.81,105.09,105.31,104.72,-0.26%
4-Sep-14,105.27,104.78,105.37,104.74,0.44%
5-Sep-14,105.1,105.24,105.72,104.67,-0.16%
8-Sep-14,106.03,105.07,106.09,104.9,0.88%
9-Sep-14,106.19,106.02,106.48,105.91,0.15%
10-Sep-14,106.84,106.17,106.91,106.01,0.61%
11-Sep-14,107.11,106.84,107.2,106.62,0.25%
12-Sep-14,107.33,107.1,107.41,106.94,0.21%
15-Sep-14,107.17,107.25,107.38,106.99,-0.15%
16-Sep-14,107.12,107.16,107.33,106.79,-0.05%
17-Sep-14,108.39,107.13,108.4,107.07,1.19%
18-Sep-14,108.71,108.37,108.98,108.29,0.30%
19-Sep-14,109.05,108.65,109.48,108.57,0.31%
22-Sep-14,108.84,109.04,109.19,108.64,-0.19%
23-Sep-14,108.89,108.81,109,108.24,0.05%
24-Sep-14,109.03,108.88,109.17,108.43,0.13%
25-Sep-14,108.75,109.02,109.39,108.49,-0.26%
26-Sep-14,109.28,108.75,109.53,108.45,0.49%
29-Sep-14,109.48,109.16,109.77,109.11,0.18%
30-Sep-14,109.66,109.48,109.86,109.16,0.16%
1-Oct-14,108.89,109.63,110.11,108.84,-0.70%
2-Oct-14,108.42,108.88,109.14,107.99,-0.43%
3-Oct-14,109.77,108.4,109.92,108.32,1.25%
6-Oct-14,108.8,109.75,109.87,108.64,-0.88%
7-Oct-14,108.03,108.78,109.25,107.81,-0.71%
8-Oct-14,108.08,108.03,108.73,107.74,0.05%
9-Oct-14,107.84,108.06,108.32,107.5,-0.22%
10-Oct-14,107.67,107.83,108.17,107.6,-0.16%
13-Oct-14,106.86,107.6,107.66,106.76,-0.75%
14-Oct-14,107.06,106.82,107.33,106.65,0.19%
15-Oct-14,105.92,107.05,107.52,105.18,-1.06%
16-Oct-14,106.33,105.9,106.47,105.49,0.39%
17-Oct-14,106.88,106.3,106.94,106.11,0.52%
20-Oct-14,106.95,106.96,107.41,106.76,0.07%
21-Oct-14,107,106.94,107.05,106.22,0.05%
22-Oct-14,107.14,107,107.39,106.75,0.13%
23-Oct-14,108.27,107.13,108.36,107.08,1.05%
24-Oct-14,108.16,108.26,108.33,107.77,-0.10%
27-Oct-14,107.81,108.12,108.38,107.58,-0.32%
28-Oct-14,108.16,107.81,108.19,107.68,0.32%
29-Oct-14,108.89,108.14,108.97,107.92,0.67%
30-Oct-14,109.21,108.87,109.47,108.73,0.29%
31-Oct-14,112.33,109.21,112.5,109.15,2.86%
3-Nov-14,114.05,112.46,114.22,112.41,1.53%
4-Nov-14,113.6,114.04,114.06,113.15,-0.39%
5-Nov-14,114.64,113.58,114.86,113.39,0.92%
6-Nov-14,115.21,114.64,115.5,114.11,0.50%
7-Nov-14,114.54,115.2,115.47,114.23,-0.58%
10-Nov-14,114.86,114.47,114.92,113.84,0.28%
11-Nov-14,115.78,114.85,116.1,114.61,0.80%
12-Nov-14,115.48,115.76,116.02,114.88,-0.26%
13-Nov-14,115.75,115.47,115.89,115.3,0.23%
14-Nov-14,116.28,115.76,116.83,115.71,0.46%
17-Nov-14,116.65,116.36,117.05,115.44,0.32%
18-Nov-14,116.87,116.64,117.04,116.34,0.19%
19-Nov-14,117.98,116.86,118.06,116.81,0.95%
20-Nov-14,118.22,117.94,118.97,117.72,0.20%
21-Nov-14,117.81,118.18,118.38,117.33,-0.35%
24-Nov-14,118.28,117.75,118.5,117.55,0.40%
25-Nov-14,117.97,118.25,118.58,117.67,-0.26%
26-Nov-14,117.73,117.98,117.99,117.41,-0.20%
27-Nov-14,117.7,117.72,117.91,117.22,-0.03%
28-Nov-14,118.64,117.7,118.8,117.69,0.80%
1-Dec-14,118.39,118.68,119.14,117.86,-0.21%
2-Dec-14,119.22,118.39,119.31,118.2,0.70%
3-Dec-14,119.8,119.2,119.89,119.09,0.49%
4-Dec-14,119.78,119.79,120.25,119.32,-0.02%
5-Dec-14,121.42,119.75,121.69,119.67,1.37%
8-Dec-14,120.69,121.44,121.86,120.18,-0.60%
9-Dec-14,119.69,120.69,121,117.93,-0.83%
10-Dec-14,117.81,119.69,119.92,117.71,-1.57%
11-Dec-14,118.67,117.78,119.57,117.43,0.73%
12-Dec-14,118.8,118.64,119.22,118.03,0.11%
15-Dec-14,117.83,119.05,119.08,117.54,-0.82%
16-Dec-14,116.41,117.8,118.03,115.56,-1.21%
17-Dec-14,118.66,116.39,118.91,116.29,1.93%
18-Dec-14,118.83,118.62,119.31,118.23,0.14%
19-Dec-14,119.5,118.83,119.64,118.8,0.56%
22-Dec-14,120.06,119.38,120.09,119.29,0.47%
23-Dec-14,120.69,120.05,120.83,119.98,0.52%
24-Dec-14,120.5,120.69,120.78,120.24,-0.16%
25-Dec-14,120.1,120.49,120.52,119.98,-0.33%
26-Dec-14,120.41,120.08,120.47,120.08,0.26%
29-Dec-14,120.67,120.37,120.75,120.14,0.22%
30-Dec-14,119.48,120.65,120.71,118.84,-0.99%
31-Dec-14,119.69,119.46,119.94,119.22,0.18%
1-Jan-15,119.79,119.67,119.87,119.64,0.08%
2-Jan-15,120.5,119.78,120.75,119.71,0.59%
5-Jan-15,119.64,120.46,120.64,119.38,-0.71%
6-Jan-15,118.41,119.61,119.64,118.04,-1.03%
7-Jan-15,119.25,118.4,119.64,118.35,0.71%
8-Jan-15,119.66,119.23,119.97,119.13,0.34%
9-Jan-15,118.53,119.66,119.91,118.4,-0.94%
12-Jan-15,118.35,118.5,119.34,118.08,-0.15%
13-Jan-15,117.93,118.33,118.85,117.53,-0.35%
14-Jan-15,117.33,117.93,117.97,116.05,-0.51%
15-Jan-15,116.17,117.32,117.94,116.13,-0.99%
16-Jan-15,117.64,116.15,117.78,115.82,1.27%
19-Jan-15,117.57,117.6,117.8,116.91,-0.06%
20-Jan-15,118.81,117.55,118.89,117.53,1.05%
21-Jan-15,117.95,118.79,118.86,117.16,-0.72%
22-Jan-15,118.49,117.93,118.67,117.24,0.46%
23-Jan-15,117.78,118.48,118.84,117.52,-0.60%
26-Jan-15,118.46,117.76,118.51,117.25,0.58%
27-Jan-15,117.87,118.45,118.67,117.32,-0.50%
28-Jan-15,117.55,117.85,118.27,117.25,-0.27%
29-Jan-15,118.29,117.53,118.51,117.36,0.63%
30-Jan-15,117.45,118.29,118.47,117.28,-0.71%
2-Feb-15,117.59,117.45,117.88,116.65,0.12%
3-Feb-15,117.57,117.6,117.76,116.86,-0.02%
4-Feb-15,117.28,117.55,118,117.05,-0.25%
5-Feb-15,117.53,117.24,117.61,116.99,0.21%
6-Feb-15,118.98,117.51,119.24,117.16,1.23%
9-Feb-15,118.64,119.16,119.2,118.31,-0.29%
10-Feb-15,119.43,118.61,119.63,118.37,0.67%
11-Feb-15,120.47,119.41,120.5,119.26,0.87%
12-Feb-15,119.11,120.45,120.47,118.49,-1.13%
13-Feb-15,118.75,119.1,119.22,118.4,-0.30%
16-Feb-15,118.48,118.74,118.87,118.16,-0.23%
17-Feb-15,119.25,118.46,119.44,118.21,0.65%
18-Feb-15,118.79,119.25,119.42,118.52,-0.39%
19-Feb-15,118.94,118.78,119.19,118.45,0.13%
20-Feb-15,119.03,118.93,119.2,118.27,0.08%
23-Feb-15,118.81,119,119.36,118.71,-0.18%
24-Feb-15,118.98,118.81,119.84,118.74,0.14%
25-Feb-15,118.86,118.96,119.08,118.59,-0.10%
26-Feb-15,119.42,118.86,119.51,118.65,0.47%
27-Feb-15,119.54,119.41,119.82,119.09,0.10%
2-Mar-15,120.13,119.55,120.19,119.55,0.49%
3-Mar-15,119.73,120.12,120.27,119.35,-0.33%
4-Mar-15,119.68,119.72,119.85,119.45,-0.04%
5-Mar-15,120.15,119.65,120.41,119.6,0.39%
6-Mar-15,120.84,120.12,121.29,119.88,0.57%
9-Mar-15,121.16,120.8,121.42,120.58,0.26%
10-Mar-15,121.14,121.15,122.03,120.91,-0.02%
11-Mar-15,121.45,121.11,121.63,120.85,0.26%
12-Mar-15,121.3,121.42,121.69,120.67,-0.12%
13-Mar-15,121.39,121.27,121.58,121.11,0.07%
16-Mar-15,121.33,121.37,121.5,121.07,-0.05%
17-Mar-15,121.36,121.32,121.53,121.09,0.02%
18-Mar-15,120.11,121.36,121.42,119.38,-1.03%
19-Mar-15,120.8,120.09,121.05,119.66,0.57%
20-Mar-15,120.03,120.79,121.2,119.88,-0.64%
23-Mar-15,119.73,120.05,120.17,119.57,-0.25%
24-Mar-15,119.75,119.71,120,119.21,0.02%
25-Mar-15,119.5,119.75,119.85,119.22,-0.21%
26-Mar-15,119.2,119.48,119.59,118.3,-0.25%
27-Mar-15,119.14,119.18,119.53,118.91,-0.05%
30-Mar-15,120.08,119.12,120.23,119.09,0.79%
31-Mar-15,120.14,120.06,120.38,119.76,0.05%
1-Apr-15,119.77,120.1,120.34,119.4,-0.31%
2-Apr-15,119.72,119.76,119.91,119.42,-0.04%
3-Apr-15,118.97,119.71,119.8,118.69,-0.63%
6-Apr-15,119.53,118.93,119.69,118.77,0.47%
7-Apr-15,120.28,119.52,120.45,119.41,0.63%
8-Apr-15,120.14,120.24,120.36,119.62,-0.12%
9-Apr-15,120.59,120.12,120.76,119.83,0.37%
10-Apr-15,120.22,120.59,120.64,120.03,-0.31%
13-Apr-15,120.14,120.19,120.88,119.74,-0.07%
14-Apr-15,119.39,120.1,120.19,119.04,-0.62%
15-Apr-15,119.15,119.39,119.76,118.76,-0.20%
16-Apr-15,119.01,119.15,119.49,118.77,-0.12%
17-Apr-15,118.92,118.99,119.28,118.54,-0.08%
20-Apr-15,119.2,118.8,119.45,118.51,0.24%
21-Apr-15,119.67,119.14,119.83,119.14,0.39%
22-Apr-15,119.92,119.65,119.97,119.32,0.21%
23-Apr-15,119.58,119.91,120.11,119.4,-0.28%
24-Apr-15,118.98,119.58,119.67,118.8,-0.50%
27-Apr-15,119.04,118.98,119.44,118.75,0.05%
28-Apr-15,118.86,119,119.22,118.75,-0.15%
29-Apr-15,119.04,118.82,119.38,118.58,0.15%
30-Apr-15,119.36,118.98,119.92,118.47,0.27%
1-May-15,120.17,119.37,120.3,119.34,0.68%
4-May-15,120.14,120.15,120.31,119.97,-0.02%
5-May-15,119.85,120.1,120.54,119.71,-0.24%
6-May-15,119.47,119.84,120.08,119.18,-0.32%
7-May-15,119.73,119.43,119.86,119.03,0.22%
8-May-15,119.81,119.72,120.25,119.58,0.07%
11-May-15,120.08,119.65,120.17,119.43,0.23%
12-May-15,119.86,120.07,120.28,119.76,-0.18%
13-May-15,119.16,119.86,119.99,119.01,-0.58%
14-May-15,119.17,119.15,119.38,118.86,0.01%
15-May-15,119.29,119.13,119.95,119.13,0.10%
18-May-15,119.99,119.25,120.04,119.22,0.59%
19-May-15,120.69,119.98,120.73,119.8,0.58%
20-May-15,121.36,120.68,121.48,120.56,0.56%
21-May-15,121.04,121.31,121.4,120.82,-0.26%
22-May-15,121.55,121.02,121.58,120.61,0.42%
25-May-15,121.56,121.48,121.78,121.42,0.01%
26-May-15,123.11,121.55,123.34,121.48,1.28%
27-May-15,123.67,123.05,124.08,122.76,0.45%
28-May-15,123.95,123.61,124.47,123.47,0.23%
29-May-15,124.14,123.95,124.22,123.58,0.15%
1-Jun-15,124.78,124.1,124.93,123.85,0.52%
2-Jun-15,124.11,124.76,125.06,123.74,-0.54%
3-Jun-15,124.25,124.11,124.69,123.77,0.11%
4-Jun-15,124.38,124.24,124.69,123.76,0.10%
5-Jun-15,125.62,124.35,125.86,124.32,1.00%
8-Jun-15,124.48,125.58,125.69,124.28,-0.91%
9-Jun-15,124.34,124.46,124.75,123.84,-0.11%
10-Jun-15,122.67,124.32,124.64,122.43,-1.34%
11-Jun-15,123.42,122.67,124.15,122.6,0.61%
12-Jun-15,123.39,123.39,123.83,123.11,-0.02%
15-Jun-15,123.42,123.34,123.67,123.1,0.02%
16-Jun-15,123.36,123.41,123.79,123.27,-0.05%
17-Jun-15,123.44,123.34,124.45,123.19,0.06%
18-Jun-15,122.97,123.42,123.61,122.46,-0.38%
19-Jun-15,122.67,122.95,123.25,122.53,-0.24%
22-Jun-15,123.38,122.81,123.44,122.54,0.58%
23-Jun-15,123.95,123.35,124.19,123.32,0.46%
24-Jun-15,123.85,123.93,124.38,123.69,-0.08%
25-Jun-15,123.62,123.84,123.97,123.3,-0.19%
26-Jun-15,123.86,123.6,123.98,123.2,0.19%
29-Jun-15,122.54,122.7,123.2,122.1,-1.07%
30-Jun-15,122.5,122.53,122.73,121.92,-0.03%
1-Jul-15,123.17,122.46,123.25,122.33,0.55%
2-Jul-15,123.06,123.16,123.75,122.94,-0.09%
3-Jul-15,122.81,123.03,123.2,122.57,-0.20%
6-Jul-15,122.58,122.05,122.94,121.72,-0.19%
7-Jul-15,122.55,122.56,122.89,121.98,-0.02%
8-Jul-15,120.7,122.52,122.58,120.38,-1.51%
9-Jul-15,121.34,120.71,121.58,120.44,0.53%
10-Jul-15,122.75,121.33,122.89,121.25,1.16%
13-Jul-15,123.44,122,123.55,122,0.56%
14-Jul-15,123.38,123.42,123.75,122.91,-0.05%
15-Jul-15,123.78,123.36,123.99,123.23,0.32%
16-Jul-15,124.16,123.76,124.19,123.71,0.31%
17-Jul-15,124.08,124.15,124.23,123.89,-0.06%
20-Jul-15,124.27,124.06,124.39,123.96,0.15%
21-Jul-15,123.89,124.26,124.5,123.73,-0.31%
22-Jul-15,123.97,123.85,124.17,123.54,0.06%
23-Jul-15,123.92,123.94,124.2,123.65,-0.04%
24-Jul-15,123.82,123.9,124.12,123.57,-0.08%
27-Jul-15,123.25,123.71,123.86,122.98,-0.46%
28-Jul-15,123.56,123.25,123.81,123.04,0.25%
29-Jul-15,123.94,123.56,124.03,123.3,0.31%
30-Jul-15,124.14,123.93,124.58,123.85,0.16%
31-Jul-15,123.94,124.15,124.39,123.5,-0.16%
3-Aug-15,124.03,124,124.3,123.83,0.07%
4-Aug-15,124.39,124,124.41,123.77,0.29%
5-Aug-15,124.9,124.38,125.03,123.99,0.41%
6-Aug-15,124.74,124.85,124.97,124.52,-0.13%
7-Aug-15,124.22,124.74,125.08,124.08,-0.42%
10-Aug-15,124.63,124.13,124.8,124.12,0.33%
11-Aug-15,125.13,124.61,125.23,124.49,0.40%
12-Aug-15,124.21,125.1,125.29,123.77,-0.74%
13-Aug-15,124.42,124.18,124.64,124.06,0.17%
14-Aug-15,124.31,124.4,124.56,124.02,-0.09%
17-Aug-15,124.39,124.39,124.58,124.19,0.06%
18-Aug-15,124.41,124.37,124.53,124.16,0.02%
19-Aug-15,123.81,124.39,124.5,123.68,-0.48%
20-Aug-15,123.41,123.78,124.17,123.31,-0.32%
21-Aug-15,122.03,123.4,123.5,121.8,-1.12%
24-Aug-15,118.42,121.68,122.04,116.46,-2.96%
25-Aug-15,118.88,118.39,120.41,118.23,0.39%
26-Aug-15,119.92,118.84,120.03,118.43,0.87%
27-Aug-15,121.03,119.9,121.39,119.77,0.93%
28-Aug-15,121.72,121,121.73,120.63,0.57%
31-Aug-15,121.22,121.65,121.75,120.86,-0.41%
1-Sep-15,119.38,121.2,121.28,119.26,-1.52%
2-Sep-15,120.33,119.37,120.47,119.2,0.80%
3-Sep-15,120.08,120.32,120.7,119.62,-0.21%
4-Sep-15,119,120.05,120.19,118.75,-0.90%
7-Sep-15,119.28,118.65,119.58,118.65,0.24%
8-Sep-15,119.81,119.27,120.23,118.83,0.44%
9-Sep-15,120.51,119.81,121.22,119.78,0.58%
10-Sep-15,120.61,120.51,121.34,119.95,0.08%
11-Sep-15,120.58,120.6,120.99,120.34,-0.02%
14-Sep-15,120.23,120.58,120.84,119.83,-0.29%
15-Sep-15,120.44,120.23,120.67,119.38,0.17%
16-Sep-15,120.56,120.4,120.73,120.08,0.10%
17-Sep-15,120,120.54,121.02,119.77,-0.46%
18-Sep-15,120,119.98,120.3,119.03,0.00%
21-Sep-15,120.55,119.79,120.67,119.71,0.46%
22-Sep-15,120.15,120.56,120.64,119.68,-0.33%
23-Sep-15,120.3,120.12,120.56,119.61,0.12%
24-Sep-15,120.08,120.25,120.41,119.21,-0.18%
25-Sep-15,120.58,120.06,121.26,119.99,0.42%
28-Sep-15,119.92,120.51,120.59,119.67,-0.55%
29-Sep-15,119.73,119.91,120.17,119.22,-0.16%
30-Sep-15,119.86,119.72,120.38,119.54,0.11%
1-Oct-15,119.94,119.85,120.3,119.48,0.07%
2-Oct-15,119.91,119.92,120.42,118.67,-0.03%
5-Oct-15,120.46,119.97,120.56,119.85,0.46%
6-Oct-15,120.25,120.46,120.58,120.08,-0.17%
7-Oct-15,120.02,120.2,120.36,119.72,-0.19%
8-Oct-15,119.94,120,120.12,119.6,-0.07%
9-Oct-15,120.28,119.93,120.38,119.82,0.28%
12-Oct-15,120.03,120.24,120.28,119.86,-0.21%
13-Oct-15,119.75,120.04,120.08,119.53,-0.23%
14-Oct-15,118.83,119.73,119.81,118.62,-0.77%
15-Oct-15,118.89,118.81,119.18,118.04,0.05%
16-Oct-15,119.44,118.88,119.69,118.8,0.46%
19-Oct-15,119.5,119.47,119.58,119.12,0.05%
20-Oct-15,119.84,119.47,119.98,119.38,0.28%
21-Oct-15,119.95,119.83,120.11,119.73,0.09%
22-Oct-15,120.69,119.9,120.79,119.59,0.62%
23-Oct-15,121.47,120.69,121.5,120.21,0.65%
26-Oct-15,121.09,121.41,121.53,120.59,-0.31%
27-Oct-15,120.46,121.1,121.11,120.14,-0.52%
28-Oct-15,121.09,120.44,121.28,120.23,0.52%
29-Oct-15,121.13,121.08,121.19,120.56,0.03%
30-Oct-15,120.62,121.12,121.47,120.26,-0.42%
2-Nov-15,120.75,120.63,120.81,120.24,0.11%
3-Nov-15,121.06,120.73,121.23,120.57,0.26%
4-Nov-15,121.56,121.06,121.73,120.98,0.41%
5-Nov-15,121.75,121.56,122.01,121.35,0.16%
6-Nov-15,123.16,121.74,123.29,121.6,1.16%
9-Nov-15,123.19,123.14,123.61,122.95,0.02%
10-Nov-15,123.14,123.17,123.45,123,-0.04%
11-Nov-15,122.84,123.16,123.25,122.73,-0.24%
12-Nov-15,122.61,122.85,123.09,122.53,-0.19%
13-Nov-15,122.64,122.59,123,122.43,0.02%
16-Nov-15,123.17,122.32,123.3,122.2,0.43%
17-Nov-15,123.45,123.17,123.5,123.14,0.23%
18-Nov-15,123.64,123.43,123.69,123.19,0.15%
19-Nov-15,122.86,123.62,123.64,122.6,-0.63%
20-Nov-15,122.91,122.85,123.07,122.7,0.04%
23-Nov-15,122.84,122.77,123.28,122.73,-0.06%
24-Nov-15,122.53,122.83,122.97,122.29,-0.25%
25-Nov-15,122.72,122.51,122.95,122.23,0.16%
26-Nov-15,122.62,122.68,122.75,122.47,-0.08%
27-Nov-15,122.84,122.6,122.89,122.28,0.18%
30-Nov-15,123.1,122.79,123.36,122.66,0.21%
1-Dec-15,122.87,123.08,123.29,122.62,-0.19%
2-Dec-15,123.25,122.87,123.67,122.8,0.31%
3-Dec-15,122.61,123.24,123.58,122.27,-0.52%
4-Dec-15,123.17,122.57,123.38,122.44,0.46%
7-Dec-15,123.38,123.2,123.47,123.12,0.17%
8-Dec-15,122.92,123.36,123.42,122.69,-0.37%
9-Dec-15,121.44,122.92,123.06,121.05,-1.20%
10-Dec-15,121.6,121.45,121.89,121.23,0.13%
11-Dec-15,120.86,121.58,122.22,120.57,-0.61%
14-Dec-15,121.03,120.96,121.36,120.32,0.14%
15-Dec-15,121.68,121.02,121.82,120.55,0.54%
16-Dec-15,122.22,121.65,122.42,121.41,0.44%
17-Dec-15,122.56,122.19,122.88,122.17,0.28%
18-Dec-15,121.22,122.55,123.6,121.04,-1.09%
21-Dec-15,121.19,121.21,121.55,120.83,-0.02%
22-Dec-15,121.08,121.16,121.33,120.7,-0.09%
23-Dec-15,120.93,121.06,121.14,120.78,-0.12%
24-Dec-15,120.44,120.9,121,120.22,-0.41%
25-Dec-15,120.42,120.46,120.48,120.02,-0.02%
28-Dec-15,120.41,120.22,120.66,120.15,-0.01%
29-Dec-15,120.47,120.38,120.5,120.2,0.05%
30-Dec-15,120.52,120.46,120.67,120.32,0.04%
31-Dec-15,120.32,120.49,120.6,119.98,-0.17%
1-Jan-16,120.33,120.27,120.33,120.27,0.01%
4-Jan-16,119.44,120.27,120.47,118.68,-0.74%
5-Jan-16,119.06,119.41,119.71,118.77,-0.32%
6-Jan-16,118.47,119.05,119.17,118.22,-0.50%
7-Jan-16,117.68,118.46,118.77,117.3,-0.67%
8-Jan-16,117.45,117.66,118.77,117.42,-0.20%
11-Jan-16,117.77,117.43,118.03,116.68,0.27%
12-Jan-16,117.64,117.73,118.08,117.2,-0.11%
13-Jan-16,117.69,117.64,118.39,117.61,0.04%
14-Jan-16,118.05,117.66,118.28,117.27,0.31%
15-Jan-16,117.06,118.02,118.28,116.49,-0.84%
18-Jan-16,117.34,116.88,117.47,116.55,0.24%
19-Jan-16,117.64,117.31,118.13,117.23,0.26%
20-Jan-16,116.94,117.61,117.69,115.96,-0.60%
21-Jan-16,117.7,116.92,117.83,116.45,0.65%
22-Jan-16,118.78,117.7,118.89,117.52,0.92%
25-Jan-16,118.3,118.5,118.86,118.16,-0.40%
26-Jan-16,118.42,118.29,118.62,117.63,0.10%
27-Jan-16,118.67,118.41,119.08,118.01,0.21%
28-Jan-16,118.83,118.67,119,118.39,0.13%
29-Jan-16,121.06,118.8,121.7,118.48,1.88%
1-Feb-16,120.98,121.1,121.48,120.66,-0.07%
2-Feb-16,119.97,120.98,121.06,119.82,-0.83%
3-Feb-16,117.92,119.94,120.06,117.03,-1.71%
4-Feb-16,116.77,117.88,118.25,116.5,-0.98%
5-Feb-16,116.9,116.77,117.42,116.42,0.11%
8-Feb-16,115.84,116.88,117.53,115.17,-0.91%
9-Feb-16,115.11,115.84,115.86,114.22,-0.63%
10-Feb-16,113.34,115.12,115.28,113.12,-1.54%
11-Feb-16,112.42,113.31,113.59,110.98,-0.81%
12-Feb-16,113.22,112.4,113.55,111.72,0.71%
15-Feb-16,114.58,113.2,114.72,113.04,1.20%
16-Feb-16,114.08,114.57,114.89,113.57,-0.44%
17-Feb-16,114.11,114.06,114.52,113.35,0.03%
18-Feb-16,113.25,114.09,114.33,113.11,-0.75%
19-Feb-16,112.57,113.23,113.4,112.28,-0.60%
22-Feb-16,112.92,112.61,113.39,112.34,0.31%
23-Feb-16,112.11,112.88,113.06,111.75,-0.72%
24-Feb-16,112.19,112.09,112.28,111.04,0.07%
25-Feb-16,113,112.17,113.03,111.87,0.72%
26-Feb-16,114,112.98,114,112.54,0.88%
29-Feb-16,112.69,113.84,114.01,112.62,-1.15%
1-Mar-16,114.01,112.67,114.21,112.14,1.17%
2-Mar-16,113.48,114,114.58,113.19,-0.46%
3-Mar-16,113.69,113.48,114.28,113.28,0.19%
4-Mar-16,113.76,113.68,114.26,113.15,0.06%
7-Mar-16,113.47,113.78,114.09,113.2,-0.25%
8-Mar-16,112.61,113.45,113.52,112.41,-0.76%
9-Mar-16,113.34,112.62,113.48,112.2,0.65%
10-Mar-16,113.19,113.34,114.45,112.61,-0.13%
11-Mar-16,113.81,113.18,113.92,112.76,0.55%
14-Mar-16,113.83,113.82,114.02,113.48,0.02%
15-Mar-16,113.19,113.81,113.94,112.61,-0.56%
16-Mar-16,112.59,113.14,113.83,112.31,-0.53%
17-Mar-16,111.39,112.53,112.97,110.65,-1.07%
18-Mar-16,111.57,111.38,111.77,110.8,0.16%
21-Mar-16,111.94,111.43,111.98,111.2,0.33%
22-Mar-16,112.38,111.94,112.5,111.36,0.39%
23-Mar-16,112.38,112.36,112.93,112.12,0.00%
24-Mar-16,112.91,112.37,113.02,112.27,0.47%
25-Mar-16,113.07,112.91,113.33,112.73,0.14%
28-Mar-16,113.45,113.08,113.7,113.03,0.34%
29-Mar-16,112.69,113.42,113.81,112.58,-0.67%
30-Mar-16,112.42,112.69,112.81,111.99,-0.24%
31-Mar-16,112.58,112.39,112.67,112.08,0.14%
1-Apr-16,111.67,112.56,112.59,111.56,-0.81%
4-Apr-16,111.33,111.68,111.81,111.06,-0.30%
5-Apr-16,110.33,111.32,111.36,109.94,-0.90%
6-Apr-16,109.8,110.32,110.64,109.31,-0.48%
7-Apr-16,108.22,109.78,109.86,107.67,-1.44%
8-Apr-16,108.06,108.2,109.11,108.01,-0.15%
11-Apr-16,107.94,108.05,108.44,107.61,-0.11%
12-Apr-16,108.55,107.93,108.8,107.84,0.57%
13-Apr-16,109.34,108.53,109.41,108.48,0.73%
14-Apr-16,109.4,109.36,109.57,108.91,0.05%
15-Apr-16,108.77,109.41,109.77,108.61,-0.58%
18-Apr-16,108.83,108.23,109,107.83,0.06%
19-Apr-16,109.2,108.83,109.52,108.76,0.34%
20-Apr-16,109.84,109.2,109.89,108.75,0.59%
21-Apr-16,109.45,109.88,109.91,109.31,-0.36%
22-Apr-16,111.79,109.46,111.82,109.25,2.14%
25-Apr-16,111.2,111.56,111.92,110.83,-0.53%
26-Apr-16,111.31,111.2,111.48,110.66,0.10%
27-Apr-16,111.47,111.31,111.77,111.02,0.14%
28-Apr-16,108.11,111.5,111.92,107.88,-3.01%
29-Apr-16,106.36,108.11,108.2,106.28,-1.62%
2-May-16,106.42,106.29,106.83,106.16,0.06%
3-May-16,106.61,106.42,106.69,105.53,0.18%
4-May-16,107.02,106.61,107.47,106.25,0.38%
5-May-16,107.25,107,107.5,106.8,0.21%
6-May-16,107.12,107.28,107.44,106.45,-0.12%
9-May-16,108.33,107.11,108.61,107.02,1.13%
10-May-16,109.27,108.34,109.36,108.25,0.87%
11-May-16,108.42,109.27,109.39,108.36,-0.78%
12-May-16,109.03,108.42,109.41,108.22,0.56%
13-May-16,108.61,109.02,109.5,108.52,-0.39%
16-May-16,109.03,108.56,109.11,108.44,0.39%
17-May-16,109.14,109.03,109.66,108.83,0.10%
18-May-16,110.19,109.14,110.27,108.72,0.96%
19-May-16,109.97,110.19,110.39,109.69,-0.20%
20-May-16,110.15,109.96,110.59,109.84,0.16%
23-May-16,109.23,110.09,110.25,109.09,-0.84%
24-May-16,109.99,109.23,110.12,109.15,0.70%
25-May-16,110.19,110,110.47,109.86,0.18%
26-May-16,109.77,110.19,110.25,109.39,-0.38%
27-May-16,110.23,109.77,110.47,109.47,0.42%
30-May-16,111.13,110.42,111.45,110.31,0.82%
31-May-16,110.71,111.13,111.37,110.51,-0.38%
1-Jun-16,109.53,110.69,110.83,109.05,-1.07%
2-Jun-16,108.86,109.53,109.59,108.5,-0.61%
3-Jun-16,106.53,108.88,109.14,106.5,-2.14%
6-Jun-16,107.56,106.44,107.66,106.36,0.97%
7-Jun-16,107.36,107.58,107.92,107.17,-0.19%
8-Jun-16,106.98,107.34,107.39,106.58,-0.35%
9-Jun-16,107.09,106.97,107.19,106.25,0.10%
10-Jun-16,106.98,107.08,107.28,106.56,-0.10%
13-Jun-16,106.25,106.92,106.92,105.73,-0.68%
14-Jun-16,106.11,106.27,106.42,105.61,-0.13%
15-Jun-16,106.02,106.11,106.39,105.47,-0.08%
16-Jun-16,104.25,106,106.03,103.58,-1.67%
17-Jun-16,104.12,104.28,104.84,104.09,-0.12%
20-Jun-16,103.94,104.34,104.86,103.78,-0.17%
21-Jun-16,104.75,103.94,105.06,103.58,0.78%
22-Jun-16,104.41,104.75,104.86,104.31,-0.32%
23-Jun-16,106.16,104.42,106.19,104.11,1.68%
24-Jun-16,102.23,106.17,106.85,99.12,-3.70%
27-Jun-16,102,102.11,102.47,101.39,-0.22%
28-Jun-16,102.76,102,102.85,101.54,0.75%
29-Jun-16,102.83,102.77,102.95,102.17,0.07%
30-Jun-16,103.29,102.84,103.33,102.36,0.45%
1-Jul-16,102.53,103.27,103.41,102.42,-0.74%
4-Jul-16,102.56,102.53,102.81,102.42,0.03%
5-Jul-16,101.72,102.58,102.61,101.45,-0.82%
6-Jul-16,101.33,101.73,101.78,100.19,-0.38%
7-Jul-16,100.78,101.34,101.44,100.61,-0.54%
8-Jul-16,100.55,100.78,101.25,100.03,-0.23%
11-Jul-16,102.81,100.44,102.91,100.44,2.25%
12-Jul-16,104.69,102.8,104.97,102.42,1.83%
13-Jul-16,104.5,104.69,104.89,103.91,-0.18%
14-Jul-16,105.34,104.5,105.95,104,0.80%
15-Jul-16,104.84,105.34,106.31,104.64,-0.47%
18-Jul-16,106.16,105.13,106.26,105.05,1.26%
19-Jul-16,106.12,106.16,106.53,105.64,-0.04%
20-Jul-16,106.84,106.14,107.03,105.83,0.68%
21-Jul-16,105.81,106.86,107.48,105.42,-0.96%
22-Jul-16,106.08,105.81,106.39,105.56,0.26%
25-Jul-16,105.78,106.22,106.73,105.73,-0.28%
26-Jul-16,104.66,105.81,105.89,104,-1.06%
27-Jul-16,105.4,104.65,106.54,104.61,0.71%
28-Jul-16,105.27,105.41,105.53,104.53,-0.12%
29-Jul-16,102.06,105.25,105.34,101.95,-3.05%
1-Aug-16,102.39,102.06,102.69,102,0.32%
2-Aug-16,100.89,102.39,102.83,100.67,-1.46%
3-Aug-16,101.23,100.89,101.58,100.73,0.34%
4-Aug-16,101.22,101.25,101.67,100.86,-0.01%
5-Aug-16,101.81,101.22,102.06,100.85,0.58%
8-Aug-16,102.44,101.72,102.67,101.72,0.62%
9-Aug-16,101.89,102.44,102.53,101.77,-0.54%
10-Aug-16,101.28,101.89,101.97,100.95,-0.60%
11-Aug-16,101.95,101.28,102.06,101,0.66%
12-Aug-16,101.31,101.94,102.28,100.83,-0.63%
15-Aug-16,101.25,101.22,101.47,100.86,-0.06%
16-Aug-16,100.31,101.27,101.31,99.56,-0.93%
17-Aug-16,100.27,100.33,101.18,100.05,-0.04%
18-Aug-16,99.89,100.28,100.5,99.64,-0.38%
19-Aug-16,100.22,99.89,100.46,99.86,0.33%
22-Aug-16,100.33,100.42,100.94,100.2,0.11%
23-Aug-16,100.25,100.33,100.41,99.92,-0.08%
24-Aug-16,100.44,100.25,100.62,100.08,0.19%
25-Aug-16,100.53,100.44,100.62,100.28,0.09%
26-Aug-16,101.83,100.53,101.94,100.08,1.29%
29-Aug-16,101.92,101.83,102.41,101.83,0.09%
30-Aug-16,102.97,101.92,103.14,101.75,1.03%
31-Aug-16,103.42,102.95,103.53,102.84,0.44%
1-Sep-16,103.25,103.42,104.02,103.05,-0.16%
2-Sep-16,103.99,103.24,104.33,102.81,0.72%
5-Sep-16,103.44,103.95,104.14,103.14,-0.53%
6-Sep-16,102.02,103.44,103.83,101.94,-1.37%
7-Sep-16,101.73,102.03,102.14,101.2,-0.28%
8-Sep-16,102.5,101.75,102.61,101.41,0.76%
9-Sep-16,102.69,102.48,103.06,101.97,0.19%
12-Sep-16,101.86,102.69,102.8,101.56,-0.81%
13-Sep-16,102.56,101.88,102.77,101.42,0.69%
14-Sep-16,102.42,102.56,103.36,102.25,-0.14%
15-Sep-16,102.09,102.42,102.75,101.92,-0.32%
16-Sep-16,102.3,102.08,102.47,101.73,0.21%
19-Sep-16,101.94,102.22,102.42,101.58,-0.35%
20-Sep-16,101.71,101.95,102.08,101.54,-0.23%
21-Sep-16,100.31,101.72,102.81,100.31,-1.38%
22-Sep-16,100.75,100.33,100.94,100.09,0.44%
23-Sep-16,101,100.75,101.25,100.67,0.25%
26-Sep-16,100.33,101.05,101.11,100.23,-0.66%
27-Sep-16,100.44,100.33,101,100.08,0.11%
28-Sep-16,100.67,100.42,100.83,100.25,0.23%
29-Sep-16,101.03,100.69,101.86,100.64,0.36%
30-Sep-16,101.34,101.03,101.77,100.75,0.31%
3-Oct-16,101.64,101.39,101.69,101.22,0.30%
4-Oct-16,102.89,101.64,102.97,101.56,1.23%
5-Oct-16,103.5,102.89,103.67,102.67,0.59%
6-Oct-16,103.94,103.5,104.17,103.33,0.43%
7-Oct-16,102.92,103.94,104.05,102.86,-0.98%
10-Oct-16,103.61,103.09,103.81,102.81,0.67%
11-Oct-16,103.52,103.61,104.08,103.16,-0.09%
12-Oct-16,104.2,103.52,104.5,103.28,0.66%
13-Oct-16,103.69,104.22,104.64,103.33,-0.49%
14-Oct-16,104.19,103.7,104.48,103.59,0.48%
17-Oct-16,103.89,104.06,104.39,103.77,-0.29%
18-Oct-16,103.86,103.89,104.22,103.67,-0.03%
19-Oct-16,103.44,103.84,103.94,103.16,-0.40%
20-Oct-16,103.95,103.44,104.11,103.33,0.49%
21-Oct-16,103.83,103.95,104.23,103.53,-0.12%
24-Oct-16,104.19,103.86,104.33,103.7,0.35%
25-Oct-16,104.23,104.18,104.88,104.1,0.04%
26-Oct-16,104.47,104.22,104.62,104,0.23%
27-Oct-16,105.29,104.46,105.35,104.28,0.78%
28-Oct-16,104.7,105.28,105.55,104.47,-0.56%
31-Oct-16,104.82,104.69,105.23,104.25,0.11%
1-Nov-16,104.16,104.84,105.14,103.81,-0.63%
2-Nov-16,103.31,104.14,104.19,103,-0.82%
3-Nov-16,102.98,103.31,103.45,102.56,-0.32%
4-Nov-16,103.14,102.98,103.37,102.83,0.16%
7-Nov-16,104.47,103.14,104.64,103.09,1.29%
8-Nov-16,105.16,104.46,105.22,104.29,0.66%
9-Nov-16,105.67,105.14,105.91,101.17,0.48%
10-Nov-16,106.83,105.67,106.95,104.97,1.10%
11-Nov-16,106.68,106.82,106.94,106.01,-0.14%
14-Nov-16,108.42,106.54,108.56,106.53,1.63%
15-Nov-16,109.17,108.42,109.36,107.77,0.69%
16-Nov-16,109.08,109.19,109.77,108.78,-0.08%
17-Nov-16,110.11,109.08,110.2,108.55,0.94%
18-Nov-16,110.95,110.13,110.98,109.8,0.76%
21-Nov-16,110.83,110.93,111.4,110.46,-0.11%
22-Nov-16,111.12,110.81,111.36,110.23,0.26%
23-Nov-16,112.52,111.11,112.98,110.83,1.26%
24-Nov-16,113.34,112.53,113.58,112.39,0.73%
25-Nov-16,113.08,113.34,113.91,112.55,-0.23%
28-Nov-16,111.94,113.05,113.12,111.33,-1.01%
29-Nov-16,112.39,111.94,113.36,111.61,0.40%
30-Nov-16,114.47,112.41,114.56,112.05,1.85%
1-Dec-16,114.09,114.45,114.83,113.81,-0.33%
2-Dec-16,113.58,114.1,114.25,113.33,-0.45%
5-Dec-16,113.84,113.55,114.8,112.86,0.23%
6-Dec-16,114.02,113.88,114.22,113.5,0.16%
7-Dec-16,113.77,114,114.41,113.39,-0.22%
8-Dec-16,114.03,113.73,114.39,113.14,0.23%
9-Dec-16,115.4,114.04,115.4,114,1.20%
12-Dec-16,115.03,115.22,116.12,114.83,-0.32%
13-Dec-16,115.19,115.03,115.5,114.73,0.14%
14-Dec-16,117.05,115.17,117.39,114.75,1.61%
15-Dec-16,118.17,117.05,118.67,116.97,0.96%
16-Dec-16,117.99,118.18,118.43,117.45,-0.15%
19-Dec-16,117.08,117.89,118.03,116.53,-0.77%
20-Dec-16,117.88,117.11,118.28,116.99,0.68%
21-Dec-16,117.55,117.84,118.07,117.08,-0.28%
22-Dec-16,117.54,117.58,117.9,117.26,-0.01%
23-Dec-16,117.35,117.55,117.67,117.18,-0.16%
26-Dec-16,117.09,117.38,117.4,116.99,-0.22%
27-Dec-16,117.42,117.09,117.64,117.08,0.28%
28-Dec-16,117.25,117.41,117.83,117.05,-0.14%
29-Dec-16,116.55,117.25,117.27,116.2,-0.60%
30-Dec-16,116.89,116.56,117.22,116.05,0.29%
2-Jan-17,117.53,116.92,117.69,116.72,0.55%
3-Jan-17,117.75,117.55,118.61,117.2,0.19%
4-Jan-17,117.27,117.77,118.19,117.05,-0.41%
5-Jan-17,115.36,117.25,117.44,115.22,-1.63%
6-Jan-17,116.92,115.36,117.19,115.06,1.35%
9-Jan-17,116.03,116.91,117.53,115.97,-0.76%
10-Jan-17,115.77,116.02,116.35,115.19,-0.22%
11-Jan-17,115.41,115.78,116.86,114.24,-0.31%
12-Jan-17,114.72,115.42,115.53,113.75,-0.60%
13-Jan-17,114.53,114.72,115.46,114.2,-0.17%
16-Jan-17,114.2,114.55,114.55,113.67,-0.29%
17-Jan-17,112.64,114.19,114.3,112.59,-1.37%
18-Jan-17,114.67,112.61,114.77,112.56,1.80%
19-Jan-17,114.87,114.63,115.62,114.38,0.17%
20-Jan-17,114.62,114.88,115.41,114.22,-0.22%
23-Jan-17,112.7,114.37,114.45,112.68,-1.68%
24-Jan-17,113.8,112.7,113.91,112.5,0.98%
25-Jan-17,113.28,113.78,114,113.03,-0.46%
26-Jan-17,114.53,113.28,114.86,113.03,1.10%
27-Jan-17,115.08,114.53,115.39,114.39,0.48%
30-Jan-17,113.78,115.09,115.14,113.44,-1.13%
31-Jan-17,112.8,113.75,113.97,112.06,-0.86%
1-Feb-17,113.25,112.81,113.97,112.62,0.40%
2-Feb-17,112.81,113.25,113.36,112.03,-0.39%
3-Feb-17,112.7,112.78,113.45,112.28,-0.10%
6-Feb-17,111.75,112.42,112.81,111.64,-0.84%
7-Feb-17,112.39,111.75,112.58,111.58,0.57%
8-Feb-17,111.94,112.36,112.55,111.61,-0.40%
9-Feb-17,113.25,111.97,113.38,111.73,1.17%
10-Feb-17,113.22,113.25,113.88,112.86,-0.03%
13-Feb-17,113.75,113.33,114.17,113.28,0.47%
14-Feb-17,114.26,113.73,114.5,113.22,0.45%
15-Feb-17,114.17,114.23,114.97,113.84,-0.08%
16-Feb-17,113.23,114.17,114.36,113.09,-0.82%
17-Feb-17,112.88,113.25,113.53,112.61,-0.31%
20-Feb-17,113.1,112.86,113.26,112.78,0.19%
21-Feb-17,113.69,113.08,113.78,113.08,0.52%
22-Feb-17,113.3,113.72,113.75,112.91,-0.34%
23-Feb-17,112.59,113.31,113.47,112.56,-0.63%
24-Feb-17,112.19,112.61,112.96,111.92,-0.36%
27-Feb-17,112.7,112.11,112.86,111.92,0.45%
28-Feb-17,112.78,112.72,112.91,111.7,0.07%
1-Mar-17,113.73,112.78,114.06,112.73,0.84%
2-Mar-17,114.41,113.75,114.61,113.69,0.60%
3-Mar-17,114.02,114.42,114.77,113.83,-0.34%
6-Mar-17,113.89,114.02,114.14,113.55,-0.11%
7-Mar-17,113.98,113.89,114.17,113.72,0.08%
8-Mar-17,114.35,113.99,114.77,113.61,0.32%
9-Mar-17,114.94,114.38,115.03,114.33,0.52%
10-Mar-17,114.75,114.94,115.51,114.63,-0.17%
13-Mar-17,114.88,114.81,114.93,114.47,0.11%
14-Mar-17,114.75,114.88,115.2,114.5,-0.11%
15-Mar-17,113.38,114.75,114.91,113.18,-1.19%
16-Mar-17,113.31,113.36,113.56,112.91,-0.06%
17-Mar-17,112.72,113.31,113.5,112.55,-0.52%
20-Mar-17,112.56,112.69,112.89,112.44,-0.14%
21-Mar-17,111.72,112.55,112.88,111.55,-0.75%
22-Mar-17,111.16,111.7,111.81,110.72,-0.50%
23-Mar-17,110.94,111.17,111.58,110.61,-0.20%
24-Mar-17,111.34,110.94,111.5,110.61,0.36%
27-Mar-17,110.66,111.23,111.27,110.1,-0.61%
28-Mar-17,111.16,110.69,111.22,110.19,0.45%
29-Mar-17,111.05,111.14,111.33,110.7,-0.10%
30-Mar-17,111.92,111.06,111.97,110.94,0.78%
31-Mar-17,111.39,111.92,112.2,111.22,-0.47%
3-Apr-17,110.89,111.41,111.61,110.84,-0.45%
4-Apr-17,110.75,110.89,110.97,110.27,-0.13%
5-Apr-17,110.7,110.77,111.47,110.53,-0.05%
6-Apr-17,110.81,110.69,111.14,110.28,0.10%
7-Apr-17,111.07,110.81,111.38,110.13,0.23%
10-Apr-17,110.94,111.09,111.58,110.78,-0.12%
11-Apr-17,109.62,110.94,110.97,109.6,-1.19%
12-Apr-17,109.03,109.63,109.89,108.96,-0.54%
13-Apr-17,109.09,109.02,109.41,108.72,0.06%
14-Apr-17,108.64,109.09,109.25,108.55,-0.41%
17-Apr-17,108.91,108.67,109.06,108.12,0.25%
18-Apr-17,108.42,108.92,109.23,108.31,-0.45%
19-Apr-17,108.86,108.42,109.19,108.36,0.41%
20-Apr-17,109.32,108.85,109.49,108.7,0.42%
21-Apr-17,109.08,109.33,109.44,108.86,-0.22%
24-Apr-17,109.77,110.25,110.64,109.64,0.63%
25-Apr-17,111.09,109.77,111.19,109.58,1.20%
26-Apr-17,111.06,111.11,111.8,110.88,-0.03%
27-Apr-17,111.27,111.06,111.61,111,0.19%
28-Apr-17,111.55,111.25,111.72,111.06,0.25%
1-May-17,111.84,111.3,111.93,111.19,0.26%
2-May-17,111.98,111.86,112.33,111.78,0.13%
3-May-17,112.75,112,112.8,111.95,0.69%
4-May-17,112.46,112.74,113.05,112.3,-0.26%
5-May-17,112.72,112.45,112.83,112.08,0.23%
8-May-17,113.25,112.98,113.31,112.38,0.47%
9-May-17,113.98,113.25,114.33,113.11,0.64%
10-May-17,114.28,113.98,114.36,113.62,0.26%
11-May-17,113.86,114.31,114.39,113.47,-0.37%
12-May-17,113.34,113.86,113.97,113.19,-0.46%
15-May-17,113.78,113.19,113.86,113.11,0.39%
16-May-17,113.12,113.78,113.8,112.91,-0.58%
17-May-17,110.82,113.13,113.14,110.78,-2.03%
18-May-17,111.5,110.83,111.73,110.23,0.61%
19-May-17,111.28,111.48,111.7,111.03,-0.20%
22-May-17,111.3,111.33,111.62,110.89,0.02%
23-May-17,111.78,111.31,111.86,110.86,0.43%
24-May-17,111.5,111.76,112.12,111.46,-0.25%
25-May-17,111.83,111.48,111.95,111.47,0.30%
26-May-17,111.34,111.86,111.89,110.89,-0.44%
29-May-17,111.26,111.32,111.48,111.16,-0.07%
30-May-17,110.85,111.27,111.35,110.67,-0.37%
31-May-17,110.78,110.86,111.25,110.47,-0.06%
1-Jun-17,111.36,110.77,111.48,110.67,0.52%
2-Jun-17,110.42,111.34,111.72,110.31,-0.84%
5-Jun-17,110.47,110.36,110.73,110.25,0.05%
6-Jun-17,109.41,110.44,110.52,109.2,-0.96%
7-Jun-17,109.81,109.44,109.91,109.11,0.37%
8-Jun-17,110,109.83,110.42,109.39,0.17%
9-Jun-17,110.34,110,110.81,109.75,0.31%
12-Jun-17,109.94,110.36,110.44,109.61,-0.36%
13-Jun-17,110.07,109.95,110.28,109.82,0.12%
14-Jun-17,109.58,110.06,110.36,108.83,-0.45%
15-Jun-17,110.94,109.56,111,109.28,1.24%
16-Jun-17,110.86,110.92,111.44,110.64,-0.07%
19-Jun-17,111.53,110.83,111.61,110.75,0.60%
20-Jun-17,111.44,111.53,111.81,111.31,-0.08%
21-Jun-17,111.38,111.45,111.73,111.05,-0.05%
22-Jun-17,111.33,111.35,111.45,110.93,-0.04%
23-Jun-17,111.29,111.35,111.45,111.16,-0.04%
26-Jun-17,111.84,111.11,111.94,111.11,0.49%
27-Jun-17,112.36,111.88,112.47,111.45,0.46%
28-Jun-17,112.3,112.36,112.43,111.83,-0.05%
29-Jun-17,112.18,112.31,112.94,111.81,-0.11%
30-Jun-17,112.38,112.19,112.62,111.74,0.18%
3-Jul-17,113.39,112.14,113.48,111.94,0.90%
4-Jul-17,113.28,113.38,113.48,112.73,-0.10%
5-Jul-17,113.27,113.28,113.69,112.81,-0.01%
6-Jul-17,113.22,113.27,113.48,112.89,-0.04%
7-Jul-17,113.89,113.19,114.19,113.08,0.59%
10-Jul-17,114.04,113.97,114.3,113.85,0.13%
11-Jul-17,113.94,114.05,114.51,113.72,-0.09%
12-Jul-17,113.16,113.94,113.98,112.92,-0.68%
13-Jul-17,113.28,113.16,113.53,112.86,0.11%
14-Jul-17,112.53,113.29,113.6,112.27,-0.66%
17-Jul-17,112.64,112.5,112.88,112.31,0.10%
18-Jul-17,112.08,112.62,112.72,111.67,-0.50%
19-Jul-17,111.97,112.08,112.25,111.56,-0.10%
20-Jul-17,111.91,111.98,112.43,111.48,-0.05%
21-Jul-17,111.12,111.92,112.09,111,-0.71%
24-Jul-17,111.11,111.06,111.31,110.61,-0.01%
25-Jul-17,111.89,111.08,111.96,110.81,0.70%
26-Jul-17,111.17,111.89,112.2,111.06,-0.64%
27-Jul-17,111.25,111.18,111.73,110.78,0.07%
28-Jul-17,110.67,111.28,111.34,110.55,-0.52%
31-Jul-17,110.25,110.64,110.78,110.19,-0.38%
1-Aug-17,110.36,110.25,110.59,109.92,0.10%
2-Aug-17,110.73,110.36,111,110.28,0.34%
3-Aug-17,110.05,110.72,110.84,109.86,-0.61%
4-Aug-17,110.69,110.03,111.06,109.83,0.58%
7-Aug-17,110.75,110.61,110.92,110.61,0.05%
8-Aug-17,110.31,110.73,110.83,110.23,-0.40%
9-Aug-17,110.08,110.31,110.39,109.56,-0.21%
10-Aug-17,109.22,110.08,110.19,109.14,-0.78%
11-Aug-17,109.19,109.22,109.44,108.77,-0.03%
14-Aug-17,109.64,109.06,109.81,109.03,0.41%
15-Aug-17,110.67,109.64,110.86,109.59,0.94%
16-Aug-17,110.19,110.67,110.95,110.02,-0.43%
17-Aug-17,109.57,110.2,110.37,109.43,-0.56%
18-Aug-17,109.19,109.58,109.61,108.61,-0.35%
21-Aug-17,108.98,109.34,109.43,108.62,-0.19%
22-Aug-17,109.57,108.97,109.65,108.87,0.54%
23-Aug-17,109.03,109.56,109.83,108.92,-0.49%
24-Aug-17,109.56,109.06,109.61,108.83,0.49%
25-Aug-17,109.36,109.56,109.86,109.11,-0.18%
28-Aug-17,109.25,109.26,109.42,109.03,-0.10%
29-Aug-17,109.75,109.27,109.91,108.27,0.46%
30-Aug-17,110.23,109.75,110.44,109.53,0.44%
31-Aug-17,109.97,110.25,110.67,109.89,-0.24%
1-Sep-17,110.27,109.97,110.42,109.56,0.27%
4-Sep-17,109.74,109.4,109.94,109.31,-0.48%
5-Sep-17,108.81,109.73,109.84,108.64,-0.85%
6-Sep-17,109.23,108.81,109.41,108.45,0.39%
7-Sep-17,108.45,109.23,109.28,108.06,-0.71%
8-Sep-17,107.84,108.45,108.5,107.33,-0.56%
11-Sep-17,109.41,108.2,109.52,108.14,1.46%
12-Sep-17,110.17,109.42,110.27,109.25,0.69%
13-Sep-17,110.48,110.19,110.7,109.92,0.28%
14-Sep-17,110.23,110.48,111.03,110.08,-0.23%
15-Sep-17,110.84,110.22,111.33,109.55,0.55%
18-Sep-17,111.57,110.88,111.67,110.88,0.66%
19-Sep-17,111.59,111.56,111.89,111.19,0.02%
20-Sep-17,112.22,111.58,112.53,111.11,0.56%
21-Sep-17,112.47,112.21,112.72,112.13,0.22%
22-Sep-17,111.98,112.47,112.56,111.66,-0.44%
25-Sep-17,111.73,111.98,112.53,111.47,-0.22%
26-Sep-17,112.23,111.73,112.48,111.5,0.45%
27-Sep-17,112.83,112.25,113.27,112.21,0.53%
28-Sep-17,112.34,112.86,113.2,112.25,-0.43%
29-Sep-17,112.49,112.35,112.74,112.21,0.13%
2-Oct-17,112.77,112.56,113.06,112.44,0.25%
3-Oct-17,112.86,112.75,113.2,112.64,0.08%
4-Oct-17,112.75,112.86,112.94,112.33,-0.10%
5-Oct-17,112.82,112.75,112.92,112.41,0.06%
6-Oct-17,112.64,112.81,113.44,112.61,-0.16%
9-Oct-17,112.67,112.69,112.75,112.32,0.03%
10-Oct-17,112.45,112.67,112.83,112,-0.20%
11-Oct-17,112.5,112.45,112.59,112.08,0.04%
12-Oct-17,112.28,112.5,112.53,112.12,-0.20%
13-Oct-17,111.86,112.28,112.33,111.69,-0.37%
16-Oct-17,112.19,111.85,112.29,111.65,0.30%
17-Oct-17,112.2,112.19,112.48,112.03,0.01%
18-Oct-17,112.94,112.2,113.06,112.14,0.66%
19-Oct-17,112.55,112.94,113.16,112.31,-0.35%
20-Oct-17,113.52,112.53,113.58,112.52,0.86%
23-Oct-17,113.44,113.69,114.11,113.25,-0.07%
24-Oct-17,113.9,113.43,114.01,113.25,0.41%
25-Oct-17,113.75,113.92,114.25,113.48,-0.13%
26-Oct-17,113.98,113.75,114.08,113.34,0.20%
27-Oct-17,113.69,113.98,114.45,113.64,-0.25%
30-Oct-17,113.19,113.73,113.84,113.03,-0.44%
31-Oct-17,113.64,113.17,113.73,112.97,0.40%
1-Nov-17,114.17,113.64,114.3,113.61,0.47%
2-Nov-17,114.09,114.17,114.22,113.53,-0.07%
3-Nov-17,114.08,114.08,114.44,113.66,-0.01%
6-Nov-17,113.7,114,114.74,113.7,-0.33%
7-Nov-17,114.02,113.7,114.34,113.69,0.28%
8-Nov-17,113.88,114,114.05,113.39,-0.12%
9-Nov-17,113.47,113.86,114.08,113.09,-0.36%
10-Nov-17,113.53,113.47,113.64,113.2,0.05%
13-Nov-17,113.62,113.52,113.72,113.25,0.08%
14-Nov-17,113.45,113.62,113.92,113.31,-0.15%
15-Nov-17,112.88,113.47,113.5,112.47,-0.50%
16-Nov-17,113.06,112.88,113.34,112.73,0.16%
17-Nov-17,112.08,113.05,113.16,111.94,-0.87%
20-Nov-17,112.62,112.08,112.72,111.88,0.48%
21-Nov-17,112.44,112.62,112.72,112.17,-0.16%
22-Nov-17,111.22,112.45,112.5,111.14,-1.09%
23-Nov-17,111.22,111.21,111.38,111.06,0.00%
24-Nov-17,111.55,111.22,111.64,111.19,0.30%
27-Nov-17,111.09,111.41,111.69,110.83,-0.41%
28-Nov-17,111.48,111.09,111.64,110.94,0.35%
29-Nov-17,111.93,111.48,112.15,111.37,0.40%
30-Nov-17,112.53,111.92,112.64,111.72,0.54%
1-Dec-17,112.11,112.53,112.88,111.42,-0.37%
4-Dec-17,112.42,112.41,113.09,112.36,0.28%
5-Dec-17,112.59,112.41,112.88,112.38,0.15%
6-Dec-17,112.3,112.59,112.67,112,-0.26%
7-Dec-17,113.08,112.28,113.16,112.2,0.69%
8-Dec-17,113.48,113.08,113.58,113.06,0.35%
11-Dec-17,113.56,113.48,113.69,113.24,0.07%
12-Dec-17,113.55,113.58,113.75,113.38,-0.01%
13-Dec-17,112.55,113.56,113.58,112.47,-0.88%
14-Dec-17,112.39,112.53,112.88,112.06,-0.14%
15-Dec-17,112.58,112.39,112.75,112.03,0.17%
18-Dec-17,112.55,112.64,112.85,112.32,-0.03%
19-Dec-17,112.89,112.54,113.08,112.51,0.30%
20-Dec-17,113.39,112.89,113.47,112.84,0.44%
21-Dec-17,113.33,113.41,113.64,113.2,-0.05%
22-Dec-17,113.27,113.32,113.45,113.25,-0.05%
25-Dec-17,113.28,113.33,113.38,113.22,0.01%
26-Dec-17,113.23,113.28,113.36,113.12,-0.04%
27-Dec-17,113.36,113.25,113.39,113.14,0.11%
28-Dec-17,112.89,113.36,113.36,112.67,-0.41%
29-Dec-17,112.69,112.88,112.98,112.47,-0.18%
1-Jan-18,112.66,112.67,112.69,112.64,-0.03%
2-Jan-18,112.3,112.67,112.8,112.06,-0.32%
3-Jan-18,112.5,112.3,112.61,112.17,0.18%
4-Jan-18,112.75,112.5,112.87,112.46,0.22%
5-Jan-18,113.08,112.75,113.32,112.72,0.29%
8-Jan-18,113.09,113.06,113.39,112.89,0.01%
9-Jan-18,112.66,113.11,113.19,112.36,-0.38%
10-Jan-18,111.44,112.66,112.78,111.28,-1.08%
11-Jan-18,111.25,111.44,111.89,111.05,-0.17%
12-Jan-18,111.04,111.26,111.7,110.91,-0.19%
15-Jan-18,110.54,111.07,111.2,110.32,-0.45%
16-Jan-18,110.45,110.55,110.98,110.25,-0.08%
17-Jan-18,111.28,110.44,111.34,110.19,0.75%
18-Jan-18,111.11,111.3,111.5,110.7,-0.15%
19-Jan-18,110.78,111.11,111.14,110.5,-0.30%
22-Jan-18,110.92,110.62,111.23,110.52,0.13%
23-Jan-18,110.31,110.92,111.19,110.25,-0.55%
24-Jan-18,109.22,110.31,110.34,108.97,-0.99%
25-Jan-18,109.41,109.22,109.7,108.5,0.17%
26-Jan-18,108.72,109.42,109.78,108.28,-0.63%
29-Jan-18,108.95,108.69,109.2,108.5,0.21%
30-Jan-18,108.78,108.97,109.22,108.42,-0.16%
31-Jan-18,109.19,108.78,109.45,108.58,0.38%
1-Feb-18,109.41,109.19,109.75,109.09,0.20%
2-Feb-18,110.11,109.41,110.48,109.28,0.64%
5-Feb-18,109.11,110.11,110.31,108.98,-0.91%
6-Feb-18,109.56,109.08,109.66,108.44,0.41%
7-Feb-18,109.33,109.56,109.72,108.92,-0.21%
8-Feb-18,108.75,109.31,109.78,108.58,-0.53%
9-Feb-18,108.8,108.75,109.31,108.05,0.05%
12-Feb-18,108.66,108.81,108.95,108.44,-0.13%
13-Feb-18,107.83,108.64,108.78,107.39,-0.76%
14-Feb-18,107.02,107.83,107.91,106.72,-0.75%
15-Feb-18,106.12,107,107.03,106.03,-0.84%
16-Feb-18,106.31,106.14,106.41,105.53,0.18%
19-Feb-18,106.6,106.33,106.73,106.09,0.27%
20-Feb-18,107.33,106.61,107.39,106.56,0.68%
21-Feb-18,107.78,107.33,107.92,107.27,0.42%
22-Feb-18,106.75,107.78,107.81,106.59,-0.96%
23-Feb-18,106.89,106.75,107.14,106.48,0.13%
26-Feb-18,106.94,106.84,107.3,106.38,0.05%
27-Feb-18,107.33,106.94,107.69,106.78,0.36%
28-Feb-18,106.67,107.33,107.53,106.55,-0.61%
1-Mar-18,106.24,106.67,107.2,106.16,-0.40%
2-Mar-18,105.75,106.23,106.31,105.25,-0.46%
5-Mar-18,106.2,105.69,106.25,105.36,0.43%
6-Mar-18,106.12,106.2,106.47,105.84,-0.08%
7-Mar-18,106.08,106.12,106.22,105.44,-0.04%
8-Mar-18,106.2,106.06,106.31,105.88,0.11%
9-Mar-18,106.8,106.25,107.06,106.16,0.56%
12-Mar-18,106.42,106.81,106.97,106.31,-0.36%
13-Mar-18,106.58,106.42,107.31,106.25,0.15%
14-Mar-18,106.33,106.56,106.75,106.05,-0.23%
15-Mar-18,106.34,106.33,106.42,105.78,0.01%
16-Mar-18,106.02,106.34,106.39,105.61,-0.30%
19-Mar-18,106.09,105.95,106.31,105.67,0.07%
20-Mar-18,106.53,106.08,106.61,105.92,0.41%
21-Mar-18,106.06,106.53,106.64,105.88,-0.44%
22-Mar-18,105.28,106.06,106.09,105.25,-0.74%
23-Mar-18,104.74,105.29,105.36,104.64,-0.51%
26-Mar-18,105.41,104.73,105.49,104.56,0.64%
27-Mar-18,105.34,105.41,105.92,105.33,-0.07%
28-Mar-18,106.86,105.33,107.02,105.31,1.44%
29-Mar-18,106.43,106.85,106.93,106.25,-0.40%
30-Mar-18,106.28,106.42,106.55,106.11,-0.14%
2-Apr-18,105.89,106.25,106.45,105.66,-0.37%
3-Apr-18,106.61,105.89,106.67,105.69,0.68%
4-Apr-18,106.78,106.61,106.85,105.98,0.16%
5-Apr-18,107.38,106.77,107.5,106.71,0.56%
6-Apr-18,106.93,107.39,107.47,106.78,-0.42%
9-Apr-18,106.77,106.92,107.22,106.61,-0.15%
10-Apr-18,107.2,106.81,107.41,106.61,0.40%
11-Apr-18,106.8,107.2,107.25,106.64,-0.37%
12-Apr-18,107.33,106.8,107.44,106.69,0.50%
13-Apr-18,107.34,107.33,107.78,107.19,0.01%
16-Apr-18,107.11,107.38,107.62,107.03,-0.21%
17-Apr-18,107,107.12,107.22,106.86,-0.10%
18-Apr-18,107.23,106.98,107.39,106.98,0.21%
19-Apr-18,107.38,107.23,107.53,107.17,0.14%
20-Apr-18,107.67,107.38,107.86,107.36,0.27%
23-Apr-18,108.71,107.63,108.76,107.63,0.97%
24-Apr-18,108.82,108.7,109.2,108.54,0.10%
25-Apr-18,109.42,108.81,109.47,108.8,0.55%
26-Apr-18,109.31,109.42,109.47,109.06,-0.10%
27-Apr-18,109.05,109.31,109.55,108.97,-0.24%
30-Apr-18,109.33,109,109.45,109,0.26%
1-May-18,109.86,109.34,109.89,109.23,0.48%
2-May-18,109.84,109.86,110.03,109.58,-0.02%
3-May-18,109.19,109.83,109.89,108.94,-0.59%
4-May-18,109.12,109.19,109.28,108.64,-0.06%
7-May-18,109.09,109.12,109.41,108.75,-0.03%
8-May-18,109.12,109.08,109.36,108.83,0.03%
9-May-18,109.75,109.11,109.83,108.97,0.58%
10-May-18,109.39,109.75,110.03,109.31,-0.33%
11-May-18,109.39,109.41,109.58,109.14,0.00%
14-May-18,109.66,109.39,109.67,109.2,0.25%
15-May-18,110.35,109.66,110.46,109.65,0.63%
16-May-18,110.39,110.34,110.41,110.02,0.04%
17-May-18,110.77,110.39,110.86,110.06,0.34%
18-May-18,110.75,110.78,111.08,110.61,-0.02%
21-May-18,111.06,110.72,111.41,110.72,0.28%
22-May-18,110.89,111.06,111.19,110.8,-0.15%
23-May-18,110.08,110.9,110.93,109.54,-0.73%
24-May-18,109.25,110.08,110.11,108.95,-0.75%
25-May-18,109.39,109.25,109.75,109.11,0.13%
28-May-18,109.42,109.56,109.83,109.23,0.03%
29-May-18,108.77,109.42,109.47,108.11,-0.59%
30-May-18,108.91,108.75,109.08,108.33,0.13%
31-May-18,108.82,108.9,109.01,108.38,-0.08%
1-Jun-18,109.55,108.81,109.75,108.72,0.67%
4-Jun-18,109.81,109.5,109.86,109.38,0.24%
5-Jun-18,109.8,109.83,110.02,109.47,-0.01%
6-Jun-18,110.17,109.8,110.28,109.78,0.34%
7-Jun-18,109.7,110.19,110.22,109.48,-0.43%
8-Jun-18,109.55,109.71,109.87,109.19,-0.14%
11-Jun-18,110.03,109.47,110.12,109.22,0.44%
12-Jun-18,110.38,110.03,110.5,109.98,0.32%
13-Jun-18,110.34,110.38,110.86,110.26,-0.04%
14-Jun-18,110.63,110.33,110.7,109.9,0.26%
15-Jun-18,110.67,110.62,110.92,110.39,0.04%
18-Jun-18,110.55,110.67,110.75,110.3,-0.11%
19-Jun-18,110.06,110.56,110.58,109.55,-0.44%
20-Jun-18,110.36,110.06,110.45,109.85,0.27%
21-Jun-18,110,110.36,110.77,109.83,-0.33%
22-Jun-18,109.97,109.98,110.22,109.79,-0.03%
25-Jun-18,109.78,109.92,110.03,109.36,-0.17%
26-Jun-18,110.06,109.75,110.22,109.36,0.26%
27-Jun-18,110.26,110.06,110.49,109.68,0.18%
28-Jun-18,110.5,110.25,110.66,109.97,0.22%
29-Jun-18,110.68,110.49,110.95,110.39,0.16%
2-Jul-18,110.89,110.67,111.06,110.48,0.19%
3-Jul-18,110.59,110.91,111.14,110.5,-0.27%
4-Jul-18,110.47,110.61,110.64,110.28,-0.11%
5-Jul-18,110.62,110.47,110.72,110.3,0.14%
6-Jul-18,110.46,110.62,110.79,110.36,-0.14%
9-Jul-18,110.85,110.5,110.91,110.31,0.35%
10-Jul-18,111,110.86,111.36,110.8,0.14%
11-Jul-18,112.02,110.98,112.19,110.77,0.92%
12-Jul-18,112.56,112.02,112.64,111.91,0.48%
13-Jul-18,112.38,112.56,112.81,112.28,-0.16%
16-Jul-18,112.3,112.36,112.56,112.19,-0.07%
17-Jul-18,112.87,112.29,112.94,112.22,0.51%
18-Jul-18,112.86,112.89,113.16,112.72,-0.01%
19-Jul-18,112.47,112.86,113.17,112.06,-0.35%
20-Jul-18,111.41,112.46,112.63,111.39,-0.94%
23-Jul-18,111.34,111.5,111.56,110.75,-0.06%
24-Jul-18,111.2,111.35,111.52,110.96,-0.13%
25-Jul-18,110.97,111.2,111.39,110.66,-0.21%
26-Jul-18,111.22,110.97,111.25,110.58,0.23%
27-Jul-18,111.05,111.22,111.25,110.8,-0.15%
30-Jul-18,111.07,111.04,111.17,110.89,0.02%
31-Jul-18,111.88,111.05,111.97,110.78,0.73%
1-Aug-18,111.72,111.88,112.16,111.39,-0.14%
2-Aug-18,111.66,111.7,111.75,111.31,-0.05%
3-Aug-18,111.27,111.66,111.83,111.08,-0.35%
6-Aug-18,111.41,111.19,111.53,111.14,0.13%
7-Aug-18,111.39,111.41,111.48,111,-0.02%
8-Aug-18,110.98,111.39,111.44,110.83,-0.37%
9-Aug-18,111.08,110.98,111.19,110.69,0.09%
10-Aug-18,110.94,111.09,111.18,110.5,-0.13%
13-Aug-18,110.73,110.94,110.95,110.12,-0.19%
14-Aug-18,111.16,110.69,111.33,110.59,0.39%
15-Aug-18,110.75,111.14,111.44,110.42,-0.37%
16-Aug-18,110.89,110.75,111.12,110.47,0.13%
17-Aug-18,110.5,110.89,111.06,110.31,-0.35%
20-Aug-18,110.07,110.52,110.69,110.02,-0.39%
21-Aug-18,110.31,110.06,110.56,109.78,0.22%
22-Aug-18,110.56,110.3,110.62,110.03,0.23%
23-Aug-18,111.3,110.55,111.33,110.52,0.67%
24-Aug-18,111.23,111.28,111.5,111.11,-0.06%
27-Aug-18,111.08,111.25,111.36,110.92,-0.13%
28-Aug-18,111.19,111.08,111.36,110.95,0.10%
29-Aug-18,111.67,111.2,111.84,111.11,0.43%
30-Aug-18,110.98,111.69,111.78,110.95,-0.62%
31-Aug-18,111.04,110.99,111.15,110.68,0.05%
3-Sep-18,111.08,111.08,111.19,110.85,0.04%
4-Sep-18,111.45,111.06,111.55,110.91,0.33%
5-Sep-18,111.53,111.45,111.76,111.37,0.07%
6-Sep-18,110.75,111.53,111.55,110.53,-0.70%
7-Sep-18,111.08,110.77,111.27,110.39,0.30%
10-Sep-18,111.12,110.97,111.25,110.86,0.04%
11-Sep-18,111.64,111.12,111.66,111.06,0.47%
12-Sep-18,111.27,111.64,111.66,111.12,-0.33%
13-Sep-18,111.92,111.25,112,111.14,0.58%
14-Sep-18,112.06,111.92,112.17,111.75,0.13%
17-Sep-18,111.84,111.95,112.14,111.75,-0.20%
18-Sep-18,112.36,111.86,112.39,111.67,0.46%
19-Sep-18,112.28,112.36,112.45,112.17,-0.07%
20-Sep-18,112.5,112.28,112.59,112.03,0.20%
21-Sep-18,112.58,112.48,112.89,112.42,0.07%
24-Sep-18,112.81,112.58,112.84,112.28,0.20%
25-Sep-18,112.97,112.8,112.97,112.72,0.14%
26-Sep-18,112.73,112.97,113.14,112.62,-0.21%
27-Sep-18,113.38,112.75,113.47,112.55,0.58%
28-Sep-18,113.69,113.38,113.72,113.31,0.27%
1-Oct-18,113.92,113.69,114.08,113.67,0.20%
2-Oct-18,113.67,113.92,114.02,113.51,-0.22%
3-Oct-18,114.53,113.64,114.55,113.52,0.76%
4-Oct-18,113.92,114.55,114.56,113.64,-0.53%
5-Oct-18,113.72,113.9,114.11,113.55,-0.18%
8-Oct-18,113.23,113.69,113.94,112.81,-0.43%
9-Oct-18,112.95,113.22,113.41,112.88,-0.25%
10-Oct-18,112.28,112.95,113.28,112.23,-0.59%
11-Oct-18,112.17,112.27,112.53,111.83,-0.10%
12-Oct-18,112.2,112.17,112.5,111.89,0.03%
15-Oct-18,111.78,112.11,112.27,111.62,-0.37%
16-Oct-18,112.25,111.77,112.33,111.72,0.42%
17-Oct-18,112.65,112.26,112.68,111.99,0.36%
18-Oct-18,112.19,112.64,112.73,111.97,-0.41%
19-Oct-18,112.55,112.21,112.65,112.12,0.32%
22-Oct-18,112.83,112.5,112.91,112.36,0.25%
23-Oct-18,112.44,112.83,112.86,111.94,-0.35%
24-Oct-18,112.26,112.43,112.75,112.09,-0.16%
25-Oct-18,112.42,112.25,112.69,111.83,0.14%
26-Oct-18,111.91,112.39,112.45,111.38,-0.45%
29-Oct-18,112.38,111.92,112.56,111.78,0.42%
30-Oct-18,113.09,112.38,113.11,112.28,0.63%
31-Oct-18,112.94,113.13,113.39,112.8,-0.13%
1-Nov-18,112.72,112.94,113,112.61,-0.19%
2-Nov-18,113.2,112.72,113.33,112.58,0.43%
5-Nov-18,113.19,113.19,113.34,113.06,-0.01%
6-Nov-18,113.44,113.2,113.5,113.11,0.22%
7-Nov-18,113.53,113.44,113.83,112.94,0.08%
8-Nov-18,114.06,113.52,114.08,113.47,0.47%
9-Nov-18,113.83,114.06,114.09,113.64,-0.20%
12-Nov-18,113.83,113.83,114.2,113.66,0.00%
13-Nov-18,113.81,113.83,114.15,113.57,-0.02%
14-Nov-18,113.62,113.81,114.02,113.3,-0.17%
15-Nov-18,113.64,113.62,113.72,113.11,0.02%
16-Nov-18,112.83,113.64,113.66,112.64,-0.71%
19-Nov-18,112.56,112.83,112.89,112.42,-0.24%
20-Nov-18,112.77,112.56,112.84,112.31,0.19%
21-Nov-18,113.06,112.77,113.14,112.61,0.26%
22-Nov-18,112.94,113.05,113.14,112.86,-0.11%
23-Nov-18,112.95,112.94,113.02,112.64,0.01%
26-Nov-18,113.59,112.94,113.64,112.86,0.57%
27-Nov-18,113.78,113.58,113.85,113.41,0.17%
28-Nov-18,113.69,113.78,114.03,113.44,-0.08%
29-Nov-18,113.48,113.69,113.69,113.19,-0.18%
30-Nov-18,113.47,113.5,113.72,113.33,-0.01%
3-Dec-18,113.67,113.47,113.86,113.38,0.18%
4-Dec-18,112.78,113.66,113.67,112.58,-0.78%
5-Dec-18,113.19,112.77,113.25,112.64,0.36%
6-Dec-18,112.67,113.19,113.22,112.22,-0.46%
7-Dec-18,112.73,112.67,112.94,112.55,0.05%
10-Dec-18,113.34,112.7,113.38,112.25,0.54%
11-Dec-18,113.39,113.33,113.47,113,0.04%
12-Dec-18,113.28,113.39,113.53,113.14,-0.10%
13-Dec-18,113.64,113.28,113.72,113.2,0.32%
14-Dec-18,113.39,113.64,113.69,113.22,-0.22%
17-Dec-18,112.83,113.32,113.53,112.68,-0.49%
18-Dec-18,112.53,112.83,112.88,112.25,-0.27%
19-Dec-18,112.48,112.52,112.66,112.09,-0.04%
20-Dec-18,111.28,112.47,112.61,110.81,-1.07%
21-Dec-18,111.22,111.3,111.47,110.94,-0.05%
24-Dec-18,110.45,110.95,111.21,110.27,-0.69%
25-Dec-18,110.28,110.44,110.47,110,-0.15%
26-Dec-18,111.36,110.31,111.42,110.14,0.98%
27-Dec-18,111,111.38,111.39,110.45,-0.32%
28-Dec-18,110.28,110.97,111.06,110.14,-0.65%
31-Dec-18,109.58,110.44,110.48,109.55,-0.63%
